mass_Msun,z,r_over_R200,independent_y,production_direct_y,production_interpolated_y,direct_relative_error,interpolated_relative_error
1.000000000000000000e+12,1.000000000000000021e-02,3.000000000000000062e-03,6.281573941414424364e-07,6.281573941459755450e-07,6.286075842683883049e-07,7.216449660063517513e-12,7.166836387577646406e-04
1.000000000000000000e+12,1.000000000000000021e-02,1.000000000000000021e-02,6.218396632802161908e-07,6.218396631964347856e-07,6.227750414114339519e-07,1.347315592425957220e-10,1.504211111725606287e-03
1.000000000000000000e+12,1.000000000000000021e-02,2.999999999999999889e-02,6.082898356046429681e-07,6.082898352581717643e-07,6.100043665637563752e-07,5.695823812601474856e-10,2.818608595373195413e-03
1.000000000000000000e+12,1.000000000000000021e-02,1.000000000000000056e-01,5.709125031872439870e-07,5.709125018275977115e-07,5.735517895159883594e-07,2.381531749584553381e-09,4.622926129678406326e-03
1.000000000000000000e+12,1.000000000000000021e-02,2.999999999999999889e-01,4.834710829438494830e-07,4.834710799671994177e-07,4.858837746957140970e-07,6.156831600101497770e-09,4.990353791531454419e-03
1.000000000000000000e+12,1.000000000000000021e-02,1.000000000000000000e+00,2.750336124919110705e-07,2.750336102082727635e-07,2.788308041730412815e-07,8.303124410247164633e-09,1.380628224574520502e-02
1.000000000000000000e+12,1.000000000000000021e-02,2.000000000000000000e+00,1.290424345324938907e-07,1.290424346187780401e-07,1.372330095830450459e-07,6.686493581042896039e-10,6.347195075964484623e-02
1.000000000000000000e+12,1.000000000000000021e-02,4.000000000000000000e+00,3.430687565898481098e-08,3.430687623096726746e-08,4.293196561408336454e-08,1.667253135551050036e-08,2.514099517785637339e-01
1.000000000000000000e+12,1.000000000000000056e-01,3.000000000000000062e-03,5.528596320169332777e-07,5.528596320150126305e-07,5.528595923532230004e-07,3.473998866354577331e-12,7.174282223854078211e-08
1.000000000000000000e+12,1.000000000000000056e-01,1.000000000000000021e-02,5.474763425161220512e-07,5.474763424389915486e-07,5.474762701090178503e-07,1.408837491112535645e-10,1.322561333783056625e-07
1.000000000000000000e+12,1.000000000000000056e-01,2.999999999999999889e-02,5.359526312545964448e-07,5.359526309832691337e-07,5.359524962386769238e-07,5.062523733556645311e-10,2.519176353077412500e-07
1.000000000000000000e+12,1.000000000000000056e-01,1.000000000000000056e-01,5.042445701862617792e-07,5.042445690422032824e-07,5.042443086831051564e-07,2.268856325038370869e-09,5.186038126714365148e-07
1.000000000000000000e+12,1.000000000000000056e-01,2.999999999999999889e-01,4.299625149683141231e-07,4.299625125628943423e-07,4.299621062799995882e-07,5.594487206828091530e-09,9.505208019566779853e-07
1.000000000000000000e+12,1.000000000000000056e-01,1.000000000000000000e+00,2.499138775449829314e-07,2.499138752344564105e-07,2.499135119236720350e-07,9.245290977233366903e-09,1.462989228429023569e-06
1.000000000000000000e+12,1.000000000000000056e-01,2.000000000000000000e+00,1.198170844025741469e-07,1.198170842181485516e-07,1.198169013418278536e-07,1.539226190949705142e-09,1.527835092995921684e-06
1.000000000000000000e+12,1.000000000000000056e-01,4.000000000000000000e+00,3.248750835550164849e-08,3.248750881251160479e-08,3.248745821968791980e-08,1.406725158581423329e-08,1.543233577039337945e-06
1.000000000000000000e+12,5.000000000000000000e-01,3.000000000000000062e-03,3.981975032094701894e-07,3.981975031943820444e-07,3.981975023446383800e-07,3.789113467433935512e-11,2.171866464450999956e-09
1.000000000000000000e+12,5.000000000000000000e-01,1.000000000000000021e-02,3.947579483390177276e-07,3.947579482812559040e-07,3.947579474591431425e-07,1.463221765973798938e-10,2.228896400779944997e-09
1.000000000000000000e+12,5.000000000000000000e-01,2.999999999999999889e-02,3.874431282232885770e-07,3.874431280298842207e-07,3.874431271381216870e-07,4.991812518895244466e-10,2.800841780725704666e-09
1.000000000000000000e+12,5.000000000000000000e-01,1.000000000000000056e-01,3.675063792883734063e-07,3.675063785749209959e-07,3.675063783743006071e-07,1.941333427346592089e-09,2.487229755487874172e-09
1.000000000000000000e+12,5.000000000000000000e-01,2.999999999999999889e-01,3.207124070970839129e-07,3.207124052605550176e-07,3.207124041894006465e-07,5.726404239680960018e-09,9.066326134288260619e-09
1.000000000000000000e+12,5.000000000000000000e-01,1.000000000000000000e+00,2.011138950691237116e-07,2.011138927447485197e-07,2.011138947226546783e-07,1.155750672943156587e-08,1.722750386790039556e-09
1.000000000000000000e+12,5.000000000000000000e-01,2.000000000000000000e+00,1.049057761451716612e-07,1.049057752124950009e-07,1.049057759007197393e-07,8.890613023559978956e-09,2.330204584843897919e-09
1.000000000000000000e+12,5.000000000000000000e-01,4.000000000000000000e+00,3.136477692073400332e-08,3.136477714358130431e-08,3.136477641382550815e-08,7.105017907349520101e-09,1.616171207974304025e-08
1.000000000000000000e+12,1.000000000000000000e+00,3.000000000000000062e-03,3.530237254158057013e-07,3.530237254261112335e-07,3.530237254565120930e-07,2.919220420949386607e-11,1.153077633375687583e-10
1.000000000000000000e+12,1.000000000000000000e+00,1.000000000000000021e-02,3.503017297381997803e-07,3.503017297410559224e-07,3.503017298149565825e-07,8.153477892847149633e-12,2.191162806752799952e-10
1.000000000000000000e+12,1.000000000000000000e+00,2.999999999999999889e-02,3.445447854612769709e-07,3.445447854689330370e-07,3.445447858242712464e-07,2.222089179326758313e-11,1.053547471485671849e-09
1.000000000000000000e+12,1.000000000000000000e+00,1.000000000000000056e-01,3.289942200740240010e-07,3.289942199975995534e-07,3.289942208000918025e-07,2.322971814905372412e-10,2.206931748460760900e-09
1.000000000000000000e+12,1.000000000000000000e+00,2.999999999999999889e-01,2.925660235774518522e-07,2.925660235563352150e-07,2.925660272831610689e-07,7.217737518772082694e-11,1.266623228524110800e-08
1.000000000000000000e+12,1.000000000000000000e+00,1.000000000000000000e+00,1.957764969386758951e-07,1.957764965242289473e-07,1.957764995046370332e-07,2.116939290530694961e-09,1.310658426234567742e-08
1.000000000000000000e+12,1.000000000000000000e+00,2.000000000000000000e+00,1.106747763077115831e-07,1.106747761556652780e-07,1.106747772173328404e-07,1.373811731042451356e-09,8.218866920373102403e-09
1.000000000000000000e+12,1.000000000000000000e+00,4.000000000000000000e+00,3.713012416580934188e-08,3.713012413532349452e-08,3.713012447633475039e-08,8.210542246089858054e-10,8.363166381641917724e-09
1.000000000000000000e+12,3.000000000000000000e+00,3.000000000000000062e-03,4.045430178385058470e-07,4.045430178427075539e-07,4.045430178760677877e-07,1.038635843997326447e-11,9.285039404005601682e-11
1.000000000000000000e+12,3.000000000000000000e+00,1.000000000000000021e-02,4.021857527876669219e-07,4.021857527926690221e-07,4.021857528422214553e-07,1.243738445566577866e-11,1.356450507472573008e-10
1.000000000000000000e+12,3.000000000000000000e+00,2.999999999999999889e-02,3.972553762045120884e-07,3.972553761791117408e-07,3.972553764581118470e-07,6.393963136730462793e-11,6.383795714270945609e-10
1.000000000000000000e+12,3.000000000000000000e+00,1.000000000000000056e-01,3.842103162694970901e-07,3.842103162425665775e-07,3.842103166884044869e-07,7.009315350359202057e-11,1.090307621964825557e-09
1.000000000000000000e+12,3.000000000000000000e+00,2.999999999999999889e-01,3.540878431488218627e-07,3.540878427743335089e-07,3.540878459229949489e-07,1.057614218424873798e-09,7.834703108500207236e-09
1.000000000000000000e+12,3.000000000000000000e+00,1.000000000000000000e+00,2.693109417377163504e-07,2.693109414915016074e-07,2.693109439872900628e-07,9.142396839578736945e-10,8.353072011857420875e-09
1.000000000000000000e+12,3.000000000000000000e+00,2.000000000000000000e+00,1.813394305187473868e-07,1.813394299451157903e-07,1.813394334242376585e-07,3.163303174957832198e-09,1.602238564046842839e-08
1.000000000000000000e+12,3.000000000000000000e+00,4.000000000000000000e+00,8.202943244947439875e-08,8.202943190232400353e-08,8.202943640716558077e-08,6.670171637246369301e-09,4.824720911678070934e-08
1.000000000000000000e+12,5.000000000000000000e+00,3.000000000000000062e-03,4.859686636472094284e-07,4.859686636504901988e-07,4.859686636595299462e-07,6.751044168140651891e-12,2.535238685652529966e-11
1.000000000000000000e+12,5.000000000000000000e+00,1.000000000000000021e-02,4.835714749525869986e-07,4.835714749443432504e-07,4.835714750328103361e-07,1.704758556542174119e-11,1.658975179452681914e-10
1.000000000000000000e+12,5.000000000000000000e+00,2.999999999999999889e-02,4.785835577453930437e-07,4.785835577371590365e-07,4.785835578310186515e-07,1.720490416801112588e-11,1.789146608643932268e-10
1.000000000000000000e+12,5.000000000000000000e+00,1.000000000000000056e-01,4.655287082986234627e-07,4.655287081667006223e-07,4.655287091145866062e-07,2.833828727233367317e-10,1.752766598528410213e-09
1.000000000000000000e+12,5.000000000000000000e+00,2.999999999999999889e-01,4.357429494821451957e-07,4.357429493331398712e-07,4.357429507230766273e-07,3.419569072349304406e-10,2.847851954257407670e-09
1.000000000000000000e+12,5.000000000000000000e+00,1.000000000000000000e+00,3.506678211227806944e-07,3.506678199189304065e-07,3.506678282805863460e-07,3.433021866783292353e-09,2.041192614932185734e-08
1.000000000000000000e+12,5.000000000000000000e+00,2.000000000000000000e+00,2.563213202503394019e-07,2.563213192000205061e-07,2.563213212141598755e-07,4.097664985103222079e-09,3.760204148051116135e-09
1.000000000000000000e+12,5.000000000000000000e+00,4.000000000000000000e+00,1.355892544976420000e-07,1.355892540058713732e-07,1.355892591694913694e-07,3.626914435450601104e-09,3.445589680239891095e-08
1.000000000000000000e+13,1.000000000000000021e-02,3.000000000000000062e-03,3.096629587167388526e-06,3.096629586785170415e-06,3.100276867732789626e-06,1.234303770303313286e-10,1.177822681962314988e-03
1.000000000000000000e+13,1.000000000000000021e-02,1.000000000000000021e-02,3.039646087579248647e-06,3.039646086364523779e-06,3.046955210678462118e-06,3.996271091821768096e-10,2.404596748641463222e-03
1.000000000000000000e+13,1.000000000000000021e-02,2.999999999999999889e-02,2.912809287872588992e-06,2.912809283348403062e-06,2.924638342113263429e-06,1.553203565762828475e-09,4.061046595094541800e-03
1.000000000000000000e+13,1.000000000000000021e-02,1.000000000000000056e-01,2.551522327888624215e-06,2.551522316759740806e-06,2.564392638868696387e-06,4.361664140972720816e-09,5.044169451075219968e-03
1.000000000000000000e+13,1.000000000000000021e-02,2.999999999999999889e-01,1.770839108356557289e-06,1.770839092846329680e-06,1.782752620636545869e-06,8.758688219145938092e-09,6.727608523986683409e-03
1.000000000000000000e+13,1.000000000000000021e-02,1.000000000000000000e+00,5.376398659876289042e-07,5.376398678613841564e-07,5.805790264914360639e-07,3.485149502324702553e-09,7.986602783803831151e-02
1.000000000000000000e+13,1.000000000000000021e-02,2.000000000000000000e+00,1.271337354193306191e-07,1.271337378878016002e-07,1.662030908176312210e-07,1.941633320790003836e-08,3.073091124825089171e-01
1.000000000000000000e+13,1.000000000000000021e-02,4.000000000000000000e+00,1.371917918960099256e-08,1.371917950777559828e-08,2.753618004154445177e-08,2.319195635536175359e-08,1.007130285346561571e+00
1.000000000000000000e+13,1.000000000000000056e-01,3.000000000000000062e-03,2.726044442843061941e-06,2.726044442527446030e-06,2.726044152455120011e-06,1.157779427884975121e-10,1.065235538666442494e-07
1.000000000000000000e+13,1.000000000000000056e-01,1.000000000000000021e-02,2.677549517988407550e-06,2.677549516876659442e-06,2.677548951516739223e-06,4.152110877342352069e-10,2.115634704091817753e-07
1.000000000000000000e+13,1.000000000000000056e-01,2.999999999999999889e-02,2.569878054891650370e-06,2.569878051004218493e-06,2.569877003473697949e-06,1.512691194527349126e-09,4.091314568244186489e-07
1.000000000000000000e+13,1.000000000000000056e-01,1.000000000000000056e-01,2.263350958079416097e-06,2.263350947423340127e-06,2.263349092338032839e-06,4.708097023353730037e-09,8.243270345209552374e-07
1.000000000000000000e+13,1.000000000000000056e-01,2.999999999999999889e-01,1.594158855766374504e-06,1.594158840700344102e-06,1.594156751711233074e-06,9.450771054630990875e-09,1.319852870218518603e-06
1.000000000000000000e+13,1.000000000000000056e-01,1.000000000000000000e+00,5.012675252692389612e-07,5.012675259661755526e-07,5.012667733843381641e-07,1.390348502994243063e-09,1.499967308693506141e-06
1.000000000000000000e+13,1.000000000000000056e-01,2.000000000000000000e+00,1.206668077260767673e-07,1.206668100650429752e-07,1.206666141486709124e-07,1.938367510945226968e-08,1.604230769891579200e-06
1.000000000000000000e+13,1.000000000000000056e-01,4.000000000000000000e+00,1.284251725421641790e-08,1.284251759465234981e-08,1.284245519916936803e-08,2.650850494667622570e-08,4.832000286336679551e-06
1.000000000000000000e+13,5.000000000000000000e-01,3.000000000000000062e-03,1.964916070181899141e-06,1.964916070043121686e-06,1.964916066021889520e-06,7.062772588994903344e-11,2.117143682589528453e-09
1.000000000000000000e+13,5.000000000000000000e-01,1.000000000000000021e-02,1.934062024656504458e-06,1.934062024133233762e-06,1.934062021414336351e-06,2.705552448745152105e-10,1.676351724100300089e-09
1.000000000000000000e+13,5.000000000000000000e-01,2.999999999999999889e-02,1.866175305026828618e-06,1.866175302794320185e-06,1.866175301656922861e-06,1.196301613326511415e-09,1.805781968400310689e-09
1.000000000000000000e+13,5.000000000000000000e-01,1.000000000000000056e-01,1.673706439953569704e-06,1.673706433955520822e-06,1.673706446344108030e-06,3.583692342878919135e-09,3.818195537519386562e-09
1.000000000000000000e+13,5.000000000000000000e-01,2.999999999999999889e-01,1.240314267185799417e-06,1.240314255024645426e-06,1.240314271458765752e-06,9.804897338483442581e-09,3.445067564555870376e-09
1.000000000000000000e+13,5.000000000000000000e-01,1.000000000000000000e+00,4.464866692982603748e-07,4.464866666479086295e-07,4.464866680576478512e-07,5.936015345930911735e-09,2.778610452836005607e-09
1.000000000000000000e+13,5.000000000000000000e-01,2.000000000000000000e+00,1.182834200047891666e-07,1.182834211082327778e-07,1.182834179422787367e-07,9.328810612885263254e-09,1.743702060519325414e-08
1.000000000000000000e+13,5.000000000000000000e-01,4.000000000000000000e+00,1.276831961765625609e-08,1.276831998688252188e-08,1.276831851313945916e-08,2.891737338472921692e-08,8.650447591573851014e-08
1.000000000000000000e+13,1.000000000000000000e+00,3.000000000000000062e-03,1.743086531273630648e-06,1.743086531292581528e-06,1.743086531459758515e-06,1.087196999094430794e-11,1.067805843746327810e-10
1.000000000000000000e+13,1.000000000000000000e+00,1.000000000000000021e-02,1.718755382662083618e-06,1.718755382442442257e-06,1.718755382454780351e-06,1.277908889818490934e-10,1.206124089492277562e-10
1.000000000000000000e+13,1.000000000000000000e+00,2.999999999999999889e-02,1.665653345898215813e-06,1.665653345494129428e-06,1.665653347288869424e-06,2.425992740029414563e-10,8.348997049267836701e-10
1.000000000000000000e+13,1.000000000000000000e+00,1.000000000000000056e-01,1.516027941731559062e-06,1.516027938713168801e-06,1.516027940045693717e-06,1.990985931676902965e-09,1.112027914196289657e-09
1.000000000000000000e+13,1.000000000000000000e+00,2.999999999999999889e-01,1.172131882709509524e-06,1.172131879570548358e-06,1.172131888596638594e-06,2.677993160560276920e-09,5.022582572067335605e-09
1.000000000000000000e+13,1.000000000000000000e+00,1.000000000000000000e+00,4.793395172511757598e-07,4.793395135257130995e-07,4.793395165660461724e-07,7.772074983591892305e-09,1.429320106716147620e-09
1.000000000000000000e+13,1.000000000000000000e+00,2.000000000000000000e+00,1.430737629200627629e-07,1.430737626688313084e-07,1.430737629180624152e-07,1.755957601545787838e-09,1.398126059370952134e-11
1.000000000000000000e+13,1.000000000000000000e+00,4.000000000000000000e+00,1.697869527456393132e-08,1.697869536077968278e-08,1.697869510811857567e-08,5.077878562076421076e-09,9.803188816270846928e-09
1.000000000000000000e+13,3.000000000000000000e+00,3.000000000000000062e-03,1.999918104132968643e-06,1.999918104173934545e-06,1.999918104285327848e-06,2.048383684893906320e-11,7.618261577135854168e-11
1.000000000000000000e+13,3.000000000000000000e+00,1.000000000000000021e-02,1.978994908607326624e-06,1.978994908631076158e-06,1.978994908778032562e-06,1.200084476238316711e-11,8.625899994285646244e-11
1.000000000000000000e+13,3.000000000000000000e+00,2.999999999999999889e-02,1.934129203530143088e-06,1.934129203534701819e-06,1.934129204370435771e-06,2.357003481279207335e-12,4.344553605761802828e-10
1.000000000000000000e+13,3.000000000000000000e+00,1.000000000000000056e-01,1.810239215362821799e-06,1.810239215165056334e-06,1.810239217818191377e-06,1.092482770914671164e-10,1.356378565020577298e-09
1.000000000000000000e+13,3.000000000000000000e+00,2.999999999999999889e-01,1.518804362979429400e-06,1.518804362653918662e-06,1.518804367636835190e-06,2.143203392535042440e-10,3.066494835834987498e-09
1.000000000000000000e+13,3.000000000000000000e+00,1.000000000000000000e+00,8.176405830329594865e-07,8.176405821113537586e-07,8.176405949556077402e-07,1.127152593483060627e-09,1.458177156798967644e-08
1.000000000000000000e+13,3.000000000000000000e+00,2.000000000000000000e+00,3.368316508349510636e-07,3.368316505930709588e-07,3.368316698661539735e-07,7.181037986470073520e-10,5.650063727991039286e-08
1.000000000000000000e+13,3.000000000000000000e+00,4.000000000000000000e+00,6.128780887268431200e-08,6.128780879775781566e-08,6.128780885396127074e-08,1.222535073175379239e-09,3.054937414148639618e-10
1.000000000000000000e+13,5.000000000000000000e+00,3.000000000000000062e-03,2.403822777578534623e-06,2.403822777555582148e-06,2.403822777876112544e-06,9.548362100986196310e-12,1.237936420039886798e-10
1.000000000000000000e+13,5.000000000000000000e+00,1.000000000000000021e-02,2.382614122066032619e-06,2.382614121818712128e-06,2.382614122276823545e-06,1.038021890664708735e-10,8.847034216330484924e-11
1.000000000000000000e+13,5.000000000000000000e+00,2.999999999999999889e-02,2.337535048495899822e-06,2.337535047939027328e-06,2.337535050994576289e-06,2.382306574233439278e-10,1.068936494874606069e-09
1.000000000000000000e+13,5.000000000000000000e+00,1.000000000000000056e-01,2.214690451441702201e-06,2.214690448135112156e-06,2.214690452414787626e-06,1.493025814092163728e-09,4.393776453781583768e-10
1.000000000000000000e+13,5.000000000000000000e+00,2.999999999999999889e-01,1.925464940313813330e-06,1.925464934190811630e-06,1.925464964909031516e-06,3.180012031478440804e-09,1.277365146989950517e-08
1.000000000000000000e+13,5.000000000000000000e+00,1.000000000000000000e+00,1.178609268383971240e-06,1.178609252133011837e-06,1.178609267143968580e-06,1.378825009723527728e-08,1.052089637632036556e-09
1.000000000000000000e+13,5.000000000000000000e+00,2.000000000000000000e+00,5.770657114755655607e-07,5.770657012274143053e-07,5.770657205337303930e-07,1.775907154666356291e-08,1.569693819369888388e-08
1.000000000000000000e+13,5.000000000000000000e+00,4.000000000000000000e+00,1.402993468573303688e-07,1.402993445846095488e-07,1.402993542523135042e-07,1.619908340799725011e-08,5.270860703454616214e-08
1.000000000000000000e+14,1.000000000000000021e-02,3.000000000000000062e-03,1.519355268409441155e-05,1.519355268141314570e-05,1.522243405497915337e-05,1.764739465670572827e-10,1.900896484531733321e-03
1.000000000000000000e+14,1.000000000000000021e-02,1.000000000000000021e-02,1.466661866723527140e-05,1.466661865889452781e-05,1.471895077357564705e-05,5.686888737699291596e-10,3.568109836883159858e-03
1.000000000000000000e+14,1.000000000000000021e-02,2.999999999999999889e-02,1.344609985769558145e-05,1.344609982042159337e-05,1.351182695243014736e-05,2.772104101822492339e-09,4.888190287903437792e-03
1.000000000000000000e+14,1.000000000000000021e-02,1.000000000000000056e-01,1.007633422522245239e-05,1.007633417965734499e-05,1.012622115027457715e-05,4.521992447159561834e-09,4.950900192180140991e-03
1.000000000000000000e+14,1.000000000000000021e-02,2.999999999999999889e-01,4.564955244727185602e-06,4.564955229320909053e-06,4.714090589825087125e-06,3.374902024511072796e-09,3.266961823342340310e-02
1.000000000000000000e+14,1.000000000000000021e-02,1.000000000000000000e+00,4.603150162467438819e-07,4.603150211876620284e-07,6.316221282677179224e-07,1.073377564608790635e-08,3.721519089638991584e-01
1.000000000000000000e+14,1.000000000000000021e-02,2.000000000000000000e+00,4.293122453846424542e-08,4.293122504548928041e-08,9.452343281350726161e-08,1.181016950901891960e-08,1.201740896740994824e+00
1.000000000000000000e+14,1.000000000000000021e-02,4.000000000000000000e+00,1.784636807393693278e-09,1.784636808529176099e-09,8.196014970094630829e-09,6.362543825133570863e-10,3.592539465811084298e+00
1.000000000000000000e+14,1.000000000000000056e-01,3.000000000000000062e-03,1.338046834230933366e-05,1.338046833967344336e-05,1.338046611389965343e-05,1.969954199765311387e-10,1.665419792074018801e-07
1.000000000000000000e+14,1.000000000000000056e-01,1.000000000000000021e-02,1.293281710251507869e-05,1.293281709336394987e-05,1.293281267784502485e-05,7.075897645592021945e-10,3.421273199188945568e-07
1.000000000000000000e+14,1.000000000000000056e-01,2.999999999999999889e-02,1.189783365200720436e-05,1.189783361538103386e-05,1.189782580834150193e-05,3.078389876343123888e-09,6.592515857661851442e-07
1.000000000000000000e+14,1.000000000000000056e-01,1.000000000000000056e-01,9.022980110322970172e-06,9.022980056721527565e-06,9.022969422875622093e-06,5.940547609384339012e-09,1.184469789028419484e-06
1.000000000000000000e+14,1.000000000000000056e-01,2.999999999999999889e-01,4.200612806946749199e-06,4.200612783523418460e-06,4.200606442088160390e-06,5.576169859189405997e-09,1.515221440651082219e-06
1.000000000000000000e+14,1.000000000000000056e-01,1.000000000000000000e+00,4.376035797476380914e-07,4.376035857726516843e-07,4.376028432425000707e-07,1.376819991349975680e-08,1.683041849109834232e-06
1.000000000000000000e+14,1.000000000000000056e-01,2.000000000000000000e+00,3.993364282898690086e-08,3.993364351888096919e-08,3.993340027116481259e-08,1.727601128820310805e-08,6.074021924984407406e-06
1.000000000000000000e+14,1.000000000000000056e-01,4.000000000000000000e+00,1.516573112081271481e-09,1.516573117965431935e-09,1.516530408525213172e-09,3.879905507986336488e-09,2.815792771093672542e-05
1.000000000000000000e+14,5.000000000000000000e-01,3.000000000000000062e-03,9.657181062801120972e-06,9.657181061540910435e-06,9.657181045125130703e-06,1.304946151137187371e-10,1.830346763043166902e-09
1.000000000000000000e+14,5.000000000000000000e-01,1.000000000000000021e-02,9.374140329150977514e-06,9.374140325564924619e-06,9.374140306302234963e-06,3.825474381713434013e-10,2.437422708112535474e-09
1.000000000000000000e+14,5.000000000000000000e-01,2.999999999999999889e-02,8.724798075663323140e-06,8.724798057116799841e-06,8.724798089071905517e-06,2.125725262480671063e-09,1.536835769755384717e-09
1.000000000000000000e+14,5.000000000000000000e-01,1.000000000000000056e-01,6.890551287915721966e-06,6.890551260830622903e-06,6.890551247228464698e-06,3.930759384651594246e-09,5.904789879274119357e-09
1.000000000000000000e+14,5.000000000000000000e-01,2.999999999999999889e-01,3.544305908908964539e-06,3.544305879945577963e-06,3.544305928160692318e-06,8.171807786006013430e-09,5.431734173555469170e-09
1.000000000000000000e+14,5.000000000000000000e-01,1.000000000000000000e+00,4.348832193324539376e-07,4.348832218859747822e-07,4.348832080446744009e-07,5.871739094942540760e-09,2.595588666221004814e-08
1.000000000000000000e+14,5.000000000000000000e-01,2.000000000000000000e+00,3.929346299912229376e-08,3.929346366473301275e-08,3.929345902116746314e-08,1.693947715430965673e-08,1.012370640651738540e-07
1.000000000000000000e+14,5.000000000000000000e-01,4.000000000000000000e+00,1.159757156509033840e-09,1.159757172152392136e-09,1.159757011772643351e-09,1.348847744608860921e-08,1.247988767882901584e-07
1.000000000000000000e+14,1.000000000000000000e+00,3.000000000000000062e-03,8.576184148490187108e-06,8.576184147462668380e-06,8.576184147954481120e-06,1.198107169031459307e-10,6.246436701218271992e-11
1.000000000000000000e+14,1.000000000000000000e+00,1.000000000000000021e-02,8.354200353659999920e-06,8.354200348340079052e-06,8.354200362616138364e-06,6.367959493047692376e-10,1.072052224770914108e-09
1.000000000000000000e+14,1.000000000000000000e+00,2.999999999999999889e-02,7.849134736417647974e-06,7.849134723875788672e-06,7.849134735631548883e-06,1.597865173508239423e-09,1.001509986053861212e-10
1.000000000000000000e+14,1.000000000000000000e+00,1.000000000000000056e-01,6.409271452795105570e-06,6.409271409075318732e-06,6.409271531741246102e-06,6.821334830320324727e-09,1.231749058305808830e-08
1.000000000000000000e+14,1.000000000000000000e+00,2.999999999999999889e-01,3.603347612493636616e-06,3.603347579263327921e-06,3.603347623948172853e-06,9.222065777692023403e-09,3.178859619978879891e-09
1.000000000000000000e+14,1.000000000000000000e+00,1.000000000000000000e+00,5.374549892708086397e-07,5.374549903502768509e-07,5.374549867095134619e-07,2.008481159165853569e-09,4.765599359579653083e-09
1.000000000000000000e+14,1.000000000000000000e+00,2.000000000000000000e+00,5.269389480445071620e-08,5.269389603241707767e-08,5.269389475655032805e-08,2.330376913661780236e-08,9.090310726378447725e-10
1.000000000000000000e+14,1.000000000000000000e+00,4.000000000000000000e+00,1.401002571869673953e-09,1.401002609809866193e-09,1.401002541678862898e-09,2.708074409163430118e-08,2.154943301579947956e-08
1.000000000000000000e+14,3.000000000000000000e+00,3.000000000000000062e-03,9.860851985555556734e-06,9.860851985500997647e-06,9.860851986540806823e-06,5.532907465521930135e-12,9.991540927956066298e-11
1.000000000000000000e+14,3.000000000000000000e+00,1.000000000000000021e-02,9.672166046692705433e-06,9.672166045198251323e-06,9.672166056832833306e-06,1.545108485601076609e-10,1.048382269885905771e-09
1.000000000000000000e+14,3.000000000000000000e+00,2.999999999999999889e-02,9.252028356963889238e-06,9.252028355383642549e-06,9.252028370902351710e-06,1.708000407774079576e-10,1.506530455941401669e-09
1.000000000000000000e+14,3.000000000000000000e+00,1.000000000000000056e-01,8.050666705333162288e-06,8.050666689044547612e-06,8.050666810610641663e-06,2.023262779538015366e-09,1.307686470219948660e-08
1.000000000000000000e+14,3.000000000000000000e+00,2.999999999999999889e-01,5.429615510136205659e-06,5.429615500980369881e-06,5.429615604916899539e-06,1.686277006918146526e-09,1.745624422788694119e-08
1.000000000000000000e+14,3.000000000000000000e+00,1.000000000000000000e+00,1.353512522151600201e-06,1.353512511002617972e-06,1.353512589097334537e-06,8.237073578776232807e-09,4.946074261269473027e-08
1.000000000000000000e+14,3.000000000000000000e+00,2.000000000000000000e+00,2.050351255583151889e-07,2.050351251182370506e-07,2.050351252408640221e-07,2.146354871612743409e-09,1.548276951091054343e-09
1.000000000000000000e+14,3.000000000000000000e+00,4.000000000000000000e+00,7.178461101105551273e-09,7.178461128537696787e-09,7.178460736546245111e-09,3.821452043695217071e-09,5.078516152057233057e-08
1.000000000000000000e+14,5.000000000000000000e+00,3.000000000000000062e-03,1.186408359076434265e-05,1.186408358988444313e-05,1.186408359082978442e-05,7.416500746870724470e-11,5.516032075547627755e-12
1.000000000000000000e+14,5.000000000000000000e+00,1.000000000000000021e-02,1.167390639208571851e-05,1.167390638791701876e-05,1.167390638999753327e-05,3.570955753318116876e-10,1.788763581700436589e-10
1.000000000000000000e+14,5.000000000000000000e+00,2.999999999999999889e-02,1.125566194438161681e-05,1.125566193228194429e-05,1.125566193975322720e-05,1.074985434001973772e-09,4.112054030613876421e-10
1.000000000000000000e+14,5.000000000000000000e+00,1.000000000000000056e-01,1.006783957914229824e-05,1.006783953071791761e-05,1.006783956443020669e-05,4.809808551442529279e-09,1.461295751070679216e-09
1.000000000000000000e+14,5.000000000000000000e+00,2.999999999999999889e-01,7.371546866194674459e-06,7.371546781804828510e-06,7.371546811964089660e-06,1.144805117370140124e-08,7.356744213815602507e-09
1.000000000000000000e+14,5.000000000000000000e+00,1.000000000000000000e+00,2.411533669581852095e-06,2.411533598925287592e-06,2.411533666213365541e-06,2.929943110352439817e-08,1.396823323673856976e-09
1.000000000000000000e+14,5.000000000000000000e+00,2.000000000000000000e+00,4.987447574742177769e-07,4.987447434583702691e-07,4.987447779455184162e-07,2.810224530858107528e-08,4.104564577112057577e-08
1.000000000000000000e+14,5.000000000000000000e+00,4.000000000000000000e+00,2.610468412642694956e-08,2.610468409354124942e-08,2.610468404787745838e-08,1.259762405503295213e-09,3.009019033939352994e-09
1.000000000000000000e+15,1.000000000000000021e-02,3.000000000000000062e-03,7.386624400025935608e-05,7.386624398060625369e-05,7.407550518243502633e-05,2.660633935391842897e-10,2.832974452781744645e-03
1.000000000000000000e+15,1.000000000000000021e-02,1.000000000000000021e-02,6.884608163152834410e-05,6.884608160171769037e-05,6.914675886330986967e-05,4.330044101052976657e-10,4.367383366722155102e-03
1.000000000000000000e+15,1.000000000000000021e-02,2.999999999999999889e-02,5.714048252047412971e-05,5.714048235722201389e-05,5.736946333179536759e-05,2.857030723113496151e-09,4.007330726323310444e-03
1.000000000000000000e+15,1.000000000000000021e-02,1.000000000000000056e-01,3.035167114970565693e-05,3.035167110974751461e-05,3.079356790110376212e-05,1.316505460202677114e-09,1.455922308918378150e-02
1.000000000000000000e+15,1.000000000000000021e-02,2.999999999999999889e-01,6.109590898153344872e-06,6.109590930759808719e-06,7.151549204341767023e-06,5.336930897215097502e-09,1.705446933449110691e-01
1.000000000000000000e+15,1.000000000000000021e-02,1.000000000000000000e+00,1.308575875795371138e-07,1.308575877361653377e-07,3.133110953010063855e-07,1.196936549874294542e-09,1.394290626140203049e+00
1.000000000000000000e+15,1.000000000000000021e-02,2.000000000000000000e+00,4.736520468311062131e-09,4.736520458356587833e-09,2.414097944515513216e-08,2.101642859742014480e-09,4.096775070785932726e+00
1.000000000000000000e+15,1.000000000000000021e-02,4.000000000000000000e+00,9.204763802200042078e-11,9.204763741099278552e-11,1.098444557991823672e-09,6.637950189514185695e-09,1.093343557310273439e+01
1.000000000000000000e+15,1.000000000000000056e-01,3.000000000000000062e-03,6.509925532515444620e-05,6.509925530037717395e-05,6.509923828291765667e-05,3.806076565027183278e-10,2.617885059841285056e-07
1.000000000000000000e+15,1.000000000000000056e-01,1.000000000000000021e-02,6.084125897338354570e-05,6.084125892450515711e-05,6.084122648527332119e-05,8.033756992986695877e-10,5.339815574156858702e-07
1.000000000000000000e+15,1.000000000000000056e-01,2.999999999999999889e-02,5.089022757555187754e-05,5.089022737618760977e-05,5.089017870972576492e-05,3.917535407182981544e-09,9.602202316605357169e-07
1.000000000000000000e+15,1.000000000000000056e-01,1.000000000000000056e-01,2.768192484655784886e-05,2.768192477291134954e-05,2.768188665866746506e-05,2.660454412328761009e-09,1.379524386280195358e-06
1.000000000000000000e+15,1.000000000000000056e-01,2.999999999999999889e-01,5.773794280913210886e-06,5.773794319533659481e-06,5.773787262646430401e-06,6.688920084485516782e-09,1.215538074084143716e-06
1.000000000000000000e+15,1.000000000000000056e-01,1.000000000000000000e+00,1.207418184710027140e-07,1.207418191799994929e-07,1.207409414520783519e-07,5.872006880736080348e-09,7.263588833295031577e-06
1.000000000000000000e+15,1.000000000000000056e-01,2.000000000000000000e+00,3.942098452430217541e-09,3.942098455110893185e-09,3.941964639619724696e-09,6.800122687167231561e-10,3.394456331007322802e-05
1.000000000000000000e+15,1.000000000000000056e-01,4.000000000000000000e+00,6.386440728539966215e-11,6.386440689530058734e-11,6.385722517982894285e-11,6.108239136715098994e-09,1.124586585236064806e-04
1.000000000000000000e+15,5.000000000000000000e-01,3.000000000000000062e-03,4.710042755112509174e-05,4.710042754227043293e-05,4.710042743329883111e-05,1.879952860051048447e-10,2.501596374493431085e-09
1.000000000000000000e+15,5.000000000000000000e-01,1.000000000000000021e-02,4.442520194958448542e-05,4.442520193959372503e-05,4.442520192616469527e-05,2.248894404033308092e-10,5.271735270540034435e-10
1.000000000000000000e+15,5.000000000000000000e-01,2.999999999999999889e-02,3.814394037604497482e-05,3.814394029587299466e-05,3.814394016373770480e-05,2.101827378808707181e-09,5.565950145225428969e-09
1.000000000000000000e+15,5.000000000000000000e-01,1.000000000000000056e-01,2.257513737256486140e-05,2.257513734682179202e-05,2.257513756969832560e-05,1.140328387272404598e-09,8.732326195470818675e-09
1.000000000000000000e+15,5.000000000000000000e-01,2.999999999999999889e-01,5.476256057520887709e-06,5.476256062716346403e-06,5.476255955174838593e-06,9.487246543926630693e-10,1.868905474822213364e-08
1.000000000000000000e+15,5.000000000000000000e-01,1.000000000000000000e+00,1.168920081214275874e-07,1.168920085102488371e-07,1.168919946359944140e-07,3.326328767983000034e-09,1.153665968312012069e-07
1.000000000000000000e+15,5.000000000000000000e-01,2.000000000000000000e+00,2.824220804052259221e-09,2.824220814991872956e-09,2.824220407418330803e-09,3.873497966822014860e-09,1.404401269722299617e-07
1.000000000000000000e+15,5.000000000000000000e-01,4.000000000000000000e+00,2.424838936990930299e-11,2.424838935736925783e-11,2.424838590546489705e-11,5.171496564315702926e-10,1.428731761787815913e-07
1.000000000000000000e+15,1.000000000000000000e+00,3.000000000000000062e-03,4.191276745460307678e-05,4.191276743692236176e-05,4.191276748622072961e-05,4.218455584847902173e-10,7.543681235233634652e-10
1.000000000000000000e+15,1.000000000000000000e+00,1.000000000000000021e-02,3.982787358414421517e-05,3.982787350889651864e-05,3.982787361951667696e-05,1.889322476245069993e-09,8.881333446453254510e-10
1.000000000000000000e+15,1.000000000000000000e+00,2.999999999999999889e-02,3.493236594206810804e-05,3.493236575551402775e-05,3.493236625262660563e-05,5.340436426415351434e-09,8.890279623585684021e-09
1.000000000000000000e+15,1.000000000000000000e+00,1.000000000000000056e-01,2.223329726549075558e-05,2.223329696031203868e-05,2.223329731976089851e-05,1.372620139772351422e-08,2.440939894654547970e-09
1.000000000000000000e+15,1.000000000000000000e+00,2.999999999999999889e-01,6.308101697198275505e-06,6.308101640361843819e-06,6.308101774053667672e-06,9.010069024206757149e-09,1.218360079491276338e-08
1.000000000000000000e+15,1.000000000000000000e+00,1.000000000000000000e+00,1.574302925612205534e-07,1.574302978264807975e-07,1.574302922329604257e-07,3.344502608193522519e-08,2.085114081396000074e-09
1.000000000000000000e+15,1.000000000000000000e+00,2.000000000000000000e+00,3.278928072554927495e-09,3.278928189790392815e-09,3.278928067331116905e-09,3.575420470802725958e-08,1.593145837475162807e-09
1.000000000000000000e+15,1.000000000000000000e+00,4.000000000000000000e+00,1.702482339432477086e-11,1.702482352845979092e-11,1.702482296398727220e-11,7.878790730941886977e-09,2.527706099986204435e-08
1.000000000000000000e+15,3.000000000000000000e+00,3.000000000000000062e-03,4.838211791979258138e-05,4.838211791375018038e-05,4.838211795223895092e-05,1.248890990623863217e-10,6.706273314449617828e-10
1.000000000000000000e+15,3.000000000000000000e+00,1.000000000000000021e-02,4.663715695701501290e-05,4.663715691713628839e-05,4.663715697887681807e-05,8.550847807597961037e-10,4.687636945277517952e-10
1.000000000000000000e+15,3.000000000000000000e+00,2.999999999999999889e-02,4.258640437629912376e-05,4.258640429645732382e-05,4.258640472443672595e-05,1.874818966740576798e-09,8.174853238784862697e-09
1.000000000000000000e+15,3.000000000000000000e+00,1.000000000000000056e-01,3.130829270262127468e-05,3.130829242203859547e-05,3.130829274114553252e-05,8.961928421591380811e-09,1.230481050384923947e-09
1.000000000000000000e+15,3.000000000000000000e+00,2.999999999999999889e-01,1.282836367942253299e-05,1.282836353457765776e-05,1.282836423933070988e-05,1.129098603502853848e-08,4.364611028151443861e-08
1.000000000000000000e+15,3.000000000000000000e+00,1.000000000000000000e+00,6.589985023997317128e-07,6.589985000938394151e-07,6.589984990033506700e-07,3.499085798885914755e-09,5.153852455919150088e-09
1.000000000000000000e+15,3.000000000000000000e+00,2.000000000000000000e+00,1.699796369968270121e-08,1.699796408986109954e-08,1.699796314207517471e-08,2.295441992039570778e-08,3.280437210761988354e-08
1.000000000000000000e+15,3.000000000000000000e+00,4.000000000000000000e+00,5.185568786808797089e-11,5.185568935136910385e-11,5.185568117446952651e-11,2.860402004145612409e-08,1.290816633581215456e-07
1.000000000000000000e+15,5.000000000000000000e+00,3.000000000000000062e-03,5.831649566921997873e-05,5.831649565515747676e-05,5.831649566805988241e-05,2.411411070823987757e-10,1.989308717753601741e-11
1.000000000000000000e+15,5.000000000000000000e+00,1.000000000000000021e-02,5.657258845767022603e-05,5.657258840502844973e-05,5.657258853646053961e-05,9.305173298557178896e-10,1.392729487292854174e-09
1.000000000000000000e+15,5.000000000000000000e+00,2.999999999999999889e-02,5.256949022190472053e-05,5.256949005196128160e-05,5.256949024239399352e-05,3.232738965408543663e-09,3.897560052479320802e-10
1.000000000000000000e+15,5.000000000000000000e+00,1.000000000000000056e-01,4.119380407256663683e-05,4.119380363588820632e-05,4.119380472868754638e-05,1.060058518742579281e-08,1.592766007973978049e-08
1.000000000000000000e+15,5.000000000000000000e+00,2.999999999999999889e-01,2.023345612733216747e-05,2.023345563036286351e-05,2.023345631572080253e-05,2.456176051435221552e-08,9.310749282676056282e-09
1.000000000000000000e+15,5.000000000000000000e+00,1.000000000000000000e+00,1.709126061319054293e-06,1.709126015889268659e-06,1.709126129110256259e-06,2.658071085459567939e-08,3.966424921841849027e-08
1.000000000000000000e+15,5.000000000000000000e+00,2.000000000000000000e+00,6.620940726666909465e-08,6.620940800105710225e-08,6.620940765141414390e-08,1.109189828873979877e-08,5.811032988134456900e-09
1.000000000000000000e+15,5.000000000000000000e+00,4.000000000000000000e+00,2.545684770437159259e-10,2.545684961076712477e-10,2.545684651966119059e-10,7.488733699823058032e-08,4.653798524323349284e-08
5.011872336272715000e+15,1.000000000000000021e-02,3.000000000000000062e-03,2.211757887620301871e-04,2.211757887340005523e-04,2.218924514678589834e-04,1.267300708818197563e-10,3.240240307676112153e-03
5.011872336272715000e+15,1.000000000000000021e-02,1.000000000000000021e-02,1.965865289396042520e-04,1.965865286488882059e-04,1.972758020326974282e-04,1.478819733335967612e-09,3.506207148634032933e-03
5.011872336272715000e+15,1.000000000000000021e-02,2.999999999999999889e-02,1.422276995794125260e-04,1.422276994445491869e-04,1.425034455915888149e-04,9.482212792732980233e-10,1.938764481122179362e-03
5.011872336272715000e+15,1.000000000000000021e-02,1.000000000000000056e-01,4.875337107382922175e-05,4.875337106507747405e-05,5.107239302071292693e-05,1.795106285840120108e-10,4.756639173467447357e-02
5.011872336272715000e+15,1.000000000000000021e-02,2.999999999999999889e-01,4.205424620222078861e-06,4.205424631392391074e-06,6.081746866602487025e-06,2.656167508163775892e-09,4.461671331256256146e-01
5.011872336272715000e+15,1.000000000000000021e-02,1.000000000000000000e+00,2.771100414516596274e-08,2.771100421993729985e-08,1.130283815401061685e-07,2.698254286670476176e-09,3.078826625985812804e+00
5.011872336272715000e+15,1.000000000000000021e-02,2.000000000000000000e+00,5.843357328857224206e-10,5.843357322089101119e-10,5.326561236164394520e-09,1.158259266276218113e-09,8.115583621524137925e+00
5.011872336272715000e+15,1.000000000000000021e-02,4.000000000000000000e+00,7.860188635324995096e-12,7.860188627430336478e-12,1.495311755142165299e-10,1.004385352665337905e-09,1.802386602303646512e+01
5.011872336272715000e+15,1.000000000000000056e-01,3.000000000000000062e-03,1.951062474414306928e-04,1.951062474391084402e-04,1.951061797849297941e-04,1.190247900240137824e-11,3.467674756230110233e-07
5.011872336272715000e+15,1.000000000000000056e-01,1.000000000000000021e-02,1.742498866078678974e-04,1.742498864705382695e-04,1.742497661583651493e-04,7.881189034719682240e-10,6.912458027086287871e-07
5.011872336272715000e+15,1.000000000000000056e-01,2.999999999999999889e-02,1.277523197611163679e-04,1.277523197362375330e-04,1.277521794732781912e-04,1.947427774595666961e-10,1.098123606935175189e-06
5.011872336272715000e+15,1.000000000000000056e-01,1.000000000000000056e-01,4.529823900052007765e-05,4.529823897174033078e-05,4.529818966237773457e-05,6.353392256741585697e-10,1.089184556213318444e-06
5.011872336272715000e+15,1.000000000000000056e-01,2.999999999999999889e-01,4.002091448761932053e-06,4.002091450395274156e-06,4.002087270108166916e-06,4.081222026997011199e-10,1.044117511672659759e-06
5.011872336272715000e+15,1.000000000000000056e-01,1.000000000000000000e+00,2.368057676040710207e-08,2.368057681023642909e-08,2.368001044109485656e-08,2.104227680987946769e-09,2.391492901443470487e-05
5.011872336272715000e+15,1.000000000000000056e-01,2.000000000000000000e+00,4.219993139536711081e-10,4.219993136813322829e-10,4.219621950488860800e-10,6.453537704231848693e-10,8.795963300811671104e-05
5.011872336272715000e+15,1.000000000000000056e-01,4.000000000000000000e+00,4.485172119054634881e-12,4.485172116083549947e-12,4.484160740073822732e-12,6.624238935160065012e-10,2.254939061346883378e-04
5.011872336272715000e+15,5.000000000000000000e-01,3.000000000000000062e-03,1.416025798660783079e-04,1.416025798443195901e-04,1.416025798668725402e-04,1.536604177232447910e-10,5.608846720406290842e-12
5.011872336272715000e+15,5.000000000000000000e-01,1.000000000000000021e-02,1.285146805768985041e-04,1.285146803708132738e-04,1.285146806444868001e-04,1.603592925114583068e-09,5.259188640138745541e-10
5.011872336272715000e+15,5.000000000000000000e-01,2.999999999999999889e-02,9.860345576937387907e-05,9.860345560403533814e-05,9.860345746422660620e-05,1.676802696692902828e-09,1.718857323140809967e-08
5.011872336272715000e+15,5.000000000000000000e-01,1.000000000000000056e-01,3.971480907496120890e-05,3.971480889514949732e-05,3.971480880327642784e-05,4.527573316259747571e-09,6.840893518322843647e-09
5.011872336272715000e+15,5.000000000000000000e-01,2.999999999999999889e-01,4.045530806447573693e-06,4.045530815323632794e-06,4.045530471681538542e-06,2.194040726877233283e-09,8.274959484300126178e-08
5.011872336272715000e+15,5.000000000000000000e-01,1.000000000000000000e+00,1.847062636411631652e-08,1.847062653940305832e-08,1.847062442902330912e-08,9.490026986469501935e-09,1.047659656805421946e-07
5.011872336272715000e+15,5.000000000000000000e-01,2.000000000000000000e+00,1.855701638532838048e-10,1.855701634990468870e-10,1.855701374103070005e-10,1.908910918224648867e-09,1.424958423479338876e-07
5.011872336272715000e+15,5.000000000000000000e-01,4.000000000000000000e+00,8.138323687087924619e-13,8.138323634785431812e-13,8.138322447412141625e-13,6.426691179228782858e-09,1.523256915048065707e-07
5.011872336272715000e+15,1.000000000000000000e+00,3.000000000000000062e-03,1.263258220267597523e-04,1.263258219390137797e-04,1.263258219358977285e-04,6.946004882379952505e-10,7.192672013545120535e-10
5.011872336272715000e+15,1.000000000000000000e+00,1.000000000000000021e-02,1.161517152560052955e-04,1.161517150426073249e-04,1.161517156790983882e-04,1.837234808732546298e-09,3.642590229446796002e-09
5.011872336272715000e+15,1.000000000000000000e+00,2.999999999999999889e-02,9.253515405964348156e-05,9.253515339429931833e-05,9.253515341907465257e-05,7.190177342408787808e-09,6.922437623124721995e-09
5.011872336272715000e+15,1.000000000000000000e+00,1.000000000000000056e-01,4.190496686100527048e-05,4.190496653095719529e-05,4.190496767737886410e-05,7.876108765181299987e-09,1.948154726427731021e-08
5.011872336272715000e+15,1.000000000000000000e+00,2.999999999999999889e-01,5.158470224743310606e-06,5.158470256829970663e-06,5.158470254609589835e-06,6.220189030514688966e-09,5.789755119778305925e-09
5.011872336272715000e+15,1.000000000000000000e+00,1.000000000000000000e+00,2.267033823791483166e-08,2.267033865171159560e-08,2.267033666920186249e-08,1.825278306277766660e-08,6.919671657890091865e-08
5.011872336272715000e+15,1.000000000000000000e+00,2.000000000000000000e+00,1.481332461558819373e-10,1.481332471680762797e-10,1.481332428339013328e-10,6.832999055461641547e-09,2.242562480159193683e-08
5.011872336272715000e+15,1.000000000000000000e+00,4.000000000000000000e+00,2.868280206394043820e-13,2.868280171821131448e-13,2.868280173743236356e-13,1.205353383770813025e-08,1.138340921524871874e-08
5.011872336272715000e+15,3.000000000000000000e+00,3.000000000000000062e-03,1.465385235199426596e-04,1.465385234335281415e-04,1.465385234413452663e-04,5.897051735814784479e-10,5.363599564489618388e-10
5.011872336272715000e+15,3.000000000000000000e+00,1.000000000000000021e-02,1.381034981334337960e-04,1.381034978256174422e-04,1.381034984493844850e-04,2.228881634813717483e-09,2.287781963872248525e-09
5.011872336272715000e+15,3.000000000000000000e+00,2.999999999999999889e-02,1.182408375029648259e-04,1.182408366364034866e-04,1.182408368273901175e-04,7.328782136717393314e-09,5.713548079100405630e-09
5.011872336272715000e+15,3.000000000000000000e+00,1.000000000000000056e-01,6.853979529578528443e-05,6.853979406938582285e-05,6.853979677556511121e-05,1.789324666212621651e-08,2.159008238855619766e-08
5.011872336272715000e+15,3.000000000000000000e+00,2.999999999999999889e-01,1.444824003514938323e-05,1.444823969848445606e-05,1.444823984598745112e-05,2.330144888151863825e-08,1.309238573110604875e-08
5.011872336272715000e+15,3.000000000000000000e+00,1.000000000000000000e+00,1.184576805831378787e-07,1.184576844107670325e-07,1.184576748578818078e-07,3.231220757626829254e-08,4.833165767603730956e-08
5.011872336272715000e+15,3.000000000000000000e+00,2.000000000000000000e+00,5.480945161623387579e-10,5.480945523977162015e-10,5.480945064762095017e-10,6.611154890201476064e-08,1.767237034488999825e-08
5.011872336272715000e+15,3.000000000000000000e+00,4.000000000000000000e+00,2.381629120899118141e-13,2.381629220429442078e-13,2.381629133102806947e-13,4.179085788535985557e-08,5.124092927744072767e-09
5.011872336272715000e+15,5.000000000000000000e+00,3.000000000000000062e-03,1.770162609024819383e-04,1.770162608583353942e-04,1.770162609883961242e-04,2.493926176683203266e-10,4.853462076681580584e-10
5.011872336272715000e+15,5.000000000000000000e+00,1.000000000000000021e-02,1.686415587008756843e-04,1.686415586088681738e-04,1.686415586095627679e-04,5.455802476461713013e-10,5.414615422694168956e-10
5.011872336272715000e+15,5.000000000000000000e+00,2.999999999999999889e-02,1.489707397518723125e-04,1.489707392547668632e-04,1.489707404367730163e-04,3.336933507291917067e-09,4.597551894747198276e-09
5.011872336272715000e+15,5.000000000000000000e+00,1.000000000000000056e-01,9.674126960778294503e-05,9.674126909904468409e-05,9.674126920534589595e-05,5.258751101244740767e-09,4.159931399350114134e-09
5.011872336272715000e+15,5.000000000000000000e+00,2.999999999999999889e-01,2.745445955446958736e-05,2.745445906724090819e-05,2.745445999367304002e-05,1.774679547761337517e-08,1.599752685876865144e-08
5.011872336272715000e+15,5.000000000000000000e+00,1.000000000000000000e+00,4.301457662981748847e-07,4.301457661388566694e-07,4.301457670098330146e-07,3.703819473344083235e-10,1.654458126054692002e-09
5.011872336272715000e+15,5.000000000000000000e+00,2.000000000000000000e+00,2.682448272380817629e-09,2.682448338965788927e-09,2.682447926469143633e-09,2.482246230783857754e-08,1.289537164828047366e-07
5.011872336272715000e+15,5.000000000000000000e+00,4.000000000000000000e+00,9.105236848681398458e-13,9.105237269965205387e-13,9.105236592159460866e-13,4.626829741560811726e-08,2.817301092417068276e-08
