1.0,1.0e-8,0.5360871018493838,0.536177359807742,0.536177359807742,4.35
1.0,1.1810985250761504e-8,0.5360868181197945,0.5361770760781527,0.5361770760781527,4.35
1.0,1.394993725937055e-8,0.5360864993295882,0.5361767572879464,0.5361767572879466,4.35
1.0,1.647625032194739e-8,0.536086141146298,0.5361763991046561,0.5361763991046562,4.35
1.0,1.9460074954037512e-8,0.5360857387020882,0.5361759966604462,0.5361759966604462,4.35
1.0,2.2984265826085043e-8,0.536085286527597,0.5361755444859555,0.5361755444859554,4.35
1.0,2.7146682467147153e-8,0.5360847784776053,0.5361750364359634,0.5361750364359634,4.35
1.0,3.206290662265809e-8,0.5360842076475155,0.5361744656058738,0.5361744656058738,4.35
1.0,3.786945172167581e-8,0.5360835662795154,0.5361738242378736,0.5361738242378734,4.35
1.0,4.4727553573913786e-8,0.5360828456571387,0.536173103615497,0.5361731036154967,4.35
1.0,5.282764755641396e-8,0.5360820359868006,0.5361722939451589,0.5361722939451586,4.35
1.0,6.239465661212323e-8,0.5360811262646893,0.5361713842230478,0.5361713842230474,4.35
1.0,7.369423689721162e-8,0.5360801041272093,0.5361703620855677,0.5361703620855675,4.35
1.0,8.704015450590888e-8,0.5360789556829385,0.5361692136412969,0.5361692136412968,4.35
1.0,1.0280299810932923e-7,0.5360776653238184,0.5361679232821767,0.5361679232821764,4.35
1.0,1.2142046944033502e-7,0.5360762155130057,0.5361664734713641,0.536166473471364,4.35
1.0,1.434095373700335e-7,0.5360745865465032,0.5361648445048615,0.5361648445048613,4.35
1.0,1.6938079306959928e-7,0.5360727562853236,0.5361630142436818,0.5361630142436816,4.35
1.0,2.0005540487073236e-7,0.536070699854546,0.5361609578129044,0.5361609578129042,4.35
1.0,2.3628514362633408e-7,0.536068389305168,0.5361586472635264,0.5361586472635262,4.35
1.0,2.7907603463446955e-7,0.5360657932341486,0.5361560511925069,0.5361560511925068,4.35
1.0,3.29616292890872e-7,0.5360628763574725,0.5361531343158309,0.5361531343158307,4.35
1.0,3.893093173744773e-7,0.536059599030419,0.5361498569887775,0.5361498569887774,4.35
1.0,4.5981266054939806e-7,0.5360559167084983,0.5361461746668567,0.5361461746668563,4.35
1.0,5.430840551862335e-7,0.5360517793417074,0.5361420373000658,0.5361420373000656,4.35
1.0,6.41435776572835e-7,0.5360471306938481,0.5361373886522067,0.5361373886522064,4.35
1.0,7.575988496412506e-7,0.5360419075776103,0.5361321655359687,0.5361321655359684,4.35
1.0,8.947988839106693e-7,0.5360360389949805,0.5361262969533389,0.5361262969533387,4.35
1.0,1.056845642026675e-6,0.5360294451712253,0.5361197031295836,0.5361197031295835,4.35
1.0,1.248238829030863e-6,0.5360220364692287,0.5361122944275871,0.536112294427587,4.35
1.0,1.4742930399111333e-6,0.5360137121693169,0.5361039701276753,0.5361039701276752,4.35
1.0,1.7412853349690736e-6,0.5360043590978291,0.5360946170561872,0.5360946170561872,4.35
1.0,2.056629540868699e-6,0.5359938500855939,0.5360841080439523,0.5360841080439521,4.35
1.0,2.429082117348061e-6,0.5359820422350956,0.5360723001934539,0.5360723001934535,4.35
1.0,2.8689853060886473e-6,0.5359687749724179,0.5360590329307761,0.5360590329307758,4.35
1.0,3.388554313486442e-6,0.5359538678570338,0.536044125815392,0.5360441258153916,4.35
1.0,4.002216501799264e-6,0.5359371181190532,0.5360273760774114,0.536027376077411,4.35
1.0,4.727012007310541e-6,0.5359182978896527,0.5360085558480108,0.5360085558480105,4.35
1.0,5.583066909851733e-6,0.5358971510859816,0.5359874090443398,0.5359874090443395,4.35
1.0,6.594152092627329e-6,0.5358733899068094,0.5359636478651677,0.5359636478651675,4.35
1.0,7.78834331072995e-6,0.5358466908894486,0.5359369488478066,0.5359369488478066,4.35
1.0,9.198800797089844e-6,0.5358166904719436,0.535906948430302,0.5359069484303016,4.35
1.0,1.0864690053912131e-5,0.5357829799970466,0.535873237955405,0.5358732379554049,4.35
1.0,1.2832269398085113e-5,0.5357451000859106,0.5358353580442691,0.535835358044269,4.35
1.0,1.5156174459458148e-5,0.5357025342995839,0.5357927922579423,0.5357927922579421,4.35
1.0,1.790093529986284e-5,0.5356547019950089,0.5357449599533672,0.5357449599533671,4.35
1.0,2.1142768280151552e-5,0.5356009502690815,0.5356912082274403,0.5356912082274402,4.35
1.0,2.4971692431713816e-5,0.5355405448690518,0.5356308028274109,0.5356308028274107,4.35
1.0,2.9494029099752453e-5,0.5354726599297503,0.5355629178881098,0.5355629178881098,4.35
1.0,3.4835354268270685e-5,0.5353963663773174,0.5354866243356776,0.5354866243356774,4.35
1.0,4.11439855467596e-5,0.5353106188146508,0.5354008767730118,0.5354008767730117,4.35
1.0,4.859510064503221e-5,0.5352142406749676,0.53530449863333,0.5353044986333297,4.35
1.0,5.739560169777463e-5,0.5351059073957146,0.5351961653540785,0.5351961653540782,4.35
1.0,6.77898605110998e-5,0.5349841273244672,0.5350743852828334,0.5350743852828332,4.35
1.0,8.006650426477779e-5,0.5348472200199612,0.5349374779783306,0.5349374779783304,4.35
1.0,9.456643009513235e-5,0.5346932915533035,0.5347835495116774,0.5347835495116772,4.35
1.0,0.00011169227110707769,0.5345202063445254,0.5346104643029055,0.5346104643029054,4.35
1.0,0.00013191957666697487,0.5343255549853287,0.5344158129437174,0.5344158129437174,4.35
1.0,0.000155810017430034,0.5341066173969057,0.5341968753553064,0.5341968753553064,4.35
1.0,0.00018402698177870242,0.5338603205481006,0.5339505785065184,0.5339505785065182,4.35
1.0,0.00021735399675304083,0.5335831898091551,0.5336734477675964,0.5336734477675962,4.35
1.0,0.0002567164849844229,0.5332712928340407,0.5333615507925149,0.5333615507925148,4.35
1.0,0.00030320746177783526,0.5329201746431179,0.5330104326016379,0.5330104326016379,4.35
1.0,0.0003581178858978845,0.5325247823094632,0.5326150402680472,0.5326150402680471,4.35
1.0,0.00042297250683738004,0.5320793773274848,0.532169635286158,0.532169635286158,4.35
1.0,0.0004995722039733916,0.531577433350947,0.5316676913097448,0.5316676913097447,4.35
1.0,0.0005900439932820139,0.5310115165180497,0.5311017744770209,0.5311017744770209,4.35
1.0,0.0006969000901954286,0.5303731450222411,0.5304634029814546,0.5304634029814546,4.35
1.0,0.0008231076686552561,0.5296526239283477,0.5297428818878992,0.5297428818878992,4.35
1.0,0.0009721712534275906,0.5288388504664101,0.528929108426433,0.5289291084264329,4.35
1.0,0.0011482300335447597,0.5279190841579999,0.5280093421186806,0.5280093421186804,4.35
1.0,0.001356172799067853,0.5268786751496088,0.5269689331112067,0.5269689331112066,4.35
1.0,0.0016017736927274354,0.525700743069796,0.5257910010326734,0.5257910010326734,4.35
1.0,0.0018918525459861511,0.5243657976430155,0.5244560556076783,0.5244560556076782,4.35
1.0,0.002234464251725803,0.5228512912764299,0.5229415492435829,0.5229415492435828,4.35
1.0,0.0026391224320487273,0.5211310930407151,0.5212213510113423,0.521221351011342,4.35
1.0,0.003117063611988135,0.5191748731340903,0.5192651311095634,0.5192651311095633,4.35
1.0,0.00368155923468772,0.5169473874165611,0.5170376453987946,0.5170376453987945,4.35
1.0,0.004348284182070147,0.5144076534637557,0.5144979114554198,0.5144979114554197,4.35
1.0,0.0051357520340550005,0.5115080135757563,0.511598271580576,0.5115982715805758,4.35
1.0,0.006065829152579194,0.5081930873301397,0.5082833453533115,0.5082833453533113,4.35
1.0,0.007164341865475201,0.5043986279789783,0.5044888860277511,0.504488886027751,4.35
1.0,0.008461793610454068,0.5000503150315223,0.5001405731160087,0.5001405731160087,4.35
1.0,0.009994211952806092,0.4950625418893006,0.49515280002360706,0.49515280002360695,4.35
1.0,0.011804148996757703,0.4893372948251979,0.48942755302900315,0.4894275530290029,4.35
1.0,0.013941862969849636,0.482763270307574,0.48285352860832986,0.48285352860832975,4.35
1.0,0.016466713790503185,0.4752154434159414,0.4753057018519437,0.47530570185194365,4.35
1.0,0.019448811370814407,0.4665553809328406,0.46664563955751176,0.4666456395575117,4.35
1.0,0.022970962424553147,0.45663268529962464,0.45672294418748993,0.45672294418748993,4.35
1.0,0.02713096983921938,0.4452880508361394,0.4453783100911636,0.4453783100911635,4.35
1.0,0.03204434846098751,0.4323584933136093,0.43244875308082625,0.4324487530808262,4.35
1.0,0.037847532704298546,0.41768534762291615,0.41777560810465586,0.4177756081046558,4.35
1.0,0.04470166505481835,0.4011255705207762,0.40121583199930355,0.40121583199930344,4.35
1.0,0.052797070664694024,0.3825666767553007,0.3826569396244049,0.3826569396244047,4.35
1.0,0.062358542290411365,0.36194521116261924,0.3620354759716938,0.3620354759716936,4.35
1.0,0.07365158232510358,0.3392679626708138,0.33935823018637756,0.33935823018637745,4.35
1.0,0.08698977525370445,0.31463415035888515,0.3147244216504569,0.3147244216504568,4.35
1.0,0.10274349524885605,0.2882556412852522,0.2883459178452512,0.2883459178452511,4.35
1.0,0.1213501906995923,0.260471120311267,0.2605614042224792,0.26056140422247914,4.35
1.0,0.14332653125299796,0.23174941257316312,0.23183970674275758,0.23183970674275758,4.35
1.0,0.16928275466719653,0.20267736647148932,0.20276767495825151,0.2027676749582514,4.35
1.0,0.19993961185825354,0.1739293118530625,0.17401964032540818,0.1740196403254082,4.35
1.0,0.23614838067008112,0.1462182950510608,0.1463086514289422,0.1463086514289422,4.35
1.0,0.27891450410855395,0.12023366522132208,0.12032406057750447,0.12032406057750449,4.35
1.0,0.3294255094249588,0.09657404092209504,0.096664490750832,0.09666449075083199,4.35
1.0,0.38908398330427807,0.07568761654654586,0.07577814255574955,0.07577814255574952,4.35
1.0,0.45954651881143616,0.05783168159838203,0.05792231425375678,0.05792231425375679,4.35
1.0,0.5427697155720663,0.04305954538934958,0.04315032755064719,0.04315032755064717,4.35
1.0,0.6410645105181688,0.03123665558118111,0.03132764774846849,0.0313276477484685,4.35
1.0,0.7571603478516731,0.0220807042737249,0.022171992255181006,0.022171992255181,4.35
1.0,0.8942809700937555,0.015215396057491897,0.01530710237748137,0.015307102377481374,4.35
1.0,1.056233934781403,0.01022592979280804,0.01031823108250542,0.010318231082505423,4.35
1.0,1.2475163425056932,0.006706189793788505,0.0067993441952659585,0.006799344195265959,4.35
1.0,1.473439712141867,0.004291836776505889,0.004386229120086245,0.004386229120086245,4.35
1.0,1.7402774707993858,0.0026780688799176227,0.0027742899046705525,0.002774289904670555,4.35
1.0,2.055439153984407,0.0016242871391229704,0.0017232848443874814,0.0017232848443874814,4.35
1.0,2.427676153154752,0.0009495888560635488,0.0010529956549709001,0.0010529956549708995,4.35
1.0,2.8673247238536184,0.0005229838304760996,0.0006339733162832327,0.0006339733162832327,4.35
1.0,3.3865930022578867,0.0002502004267924771,0.0003766828449867608,0.00037668284498676045,4.35
1.0,3.9999000000000002,2.0884645242376538e-6,0.00022120237414898137,0.00022120237414898123,4.35
2.0,1.0e-8,0.009680643565430842,0.009680643565430842,0.009680643565430835,16.0
2.0,1.1810985250761504e-8,0.009680527847653915,0.009680527847653915,0.009680527847653903,16.0
2.0,1.394993725937055e-8,0.00968039782947853,0.00968039782947853,0.00968039782947852,16.0
2.0,1.647625032194739e-8,0.009680251743440449,0.00968025174344044,0.00968025174344044,16.0
2.0,1.9460074954037512e-8,0.009680087603553406,0.009680087603553406,0.009680087603553406,16.0
2.0,2.2984265826085043e-8,0.00967990317826899,0.009679903178268999,0.009679903178268993,16.0
2.0,2.7146682467147153e-8,0.009679695960083137,0.009679695960083137,0.009679695960083138,16.0
2.0,3.206290662265809e-8,0.009679463131371096,0.009679463131371096,0.009679463131371092,16.0
2.0,3.786945172167581e-8,0.009679201525979796,0.009679201525979796,0.00967920152597979,16.0
2.0,4.4727553573913786e-8,0.00967890758604663,0.009678907586046621,0.009678907586046618,16.0
2.0,5.282764755641396e-8,0.009678577313446065,0.009678577313446074,0.00967857731344606,16.0
2.0,6.239465661212323e-8,0.009678206215188775,0.009678206215188775,0.00967820621518877,16.0
2.0,7.369423689721162e-8,0.00967778924201066,0.00967778924201066,0.009677789242010659,16.0
2.0,8.704015450590888e-8,0.009677320719290549,0.009677320719290549,0.009677320719290545,16.0
2.0,1.0280299810932923e-7,0.009676794269322183,0.009676794269322183,0.009676794269322173,16.0
2.0,1.2142046944033502e-7,0.009676202723837875,0.009676202723840094,0.009676202723837872,16.0
2.0,1.434095373700335e-7,0.009675538025534013,0.00967553802553495,0.00967553802553401,16.0
2.0,1.6938079306959928e-7,0.009674791117180045,0.009674791117180432,0.009674791117180044,16.0
2.0,2.0005540487073236e-7,0.009673951816699028,0.009673951816699174,0.00967395181669902,16.0
2.0,2.3628514362633408e-7,0.009673008676384426,0.009673008676384487,0.009673008676384421,16.0
2.0,2.7907603463446955e-7,0.009671948824159872,0.009671948824159896,0.00967194882415987,16.0
2.0,3.29616292890872e-7,0.009670757784488603,0.009670757784488603,0.009670757784488592,16.0
2.0,3.893093173744773e-7,0.009669419276190755,0.009669419276190755,0.00966941927619074,16.0
2.0,4.5981266054939806e-7,0.00966791498401828,0.00966791498401828,0.009667914984018276,16.0
2.0,5.430840551862335e-7,0.009666224300358059,0.009666224300358068,0.00966622430035806,16.0
2.0,6.41435776572835e-7,0.009664324032868866,0.009664324032868866,0.009664324032868859,16.0
2.0,7.575988496412506e-7,0.00966218807318849,0.00966218807318849,0.009662188073188489,16.0
2.0,8.947988839106693e-7,0.009659787021051953,0.009659787021051953,0.00965978702105195,16.0
2.0,1.056845642026675e-6,0.009657087757210966,0.009657087757210957,0.009657087757210954,16.0
2.0,1.248238829030863e-6,0.009654052957405974,0.009654052957405974,0.009654052957405963,16.0
2.0,1.4742930399111333e-6,0.009650640538270968,0.009650640538270968,0.009650640538270966,16.0
2.0,1.7412853349690736e-6,0.009646803024395759,0.009646803024395759,0.009646803024395753,16.0
2.0,2.056629540868699e-6,0.009642486823765981,0.009642486823765981,0.00964248682376598,16.0
2.0,2.429082117348061e-6,0.009637631396367856,0.009637631396367856,0.009637631396367845,16.0
2.0,2.8689853060886473e-6,0.009632168297785503,0.009632168297785503,0.009632168297785496,16.0
2.0,3.388554313486442e-6,0.009626020076017008,0.009626020076017008,0.009626020076017006,16.0
2.0,4.002216501799264e-6,0.009619098995349138,0.009619098995349138,0.00961909899534913,16.0
2.0,4.727012007310541e-6,0.0096113055557935,0.0096113055557935,0.009611305555793495,16.0
2.0,5.583066909851733e-6,0.009602526770103134,0.009602526770103134,0.009602526770103132,16.0
2.0,6.594152092627329e-6,0.009592634152533818,0.009592634152533818,0.009592634152533811,16.0
2.0,7.78834331072995e-6,0.009581481364040323,0.009581481364040323,0.009581481364040315,16.0
2.0,9.198800797089844e-6,0.009568901447237646,0.009568901447237646,0.00956890144723764,16.0
2.0,1.0864690053912131e-5,0.009554703570944387,0.009554703570944387,0.009554703570944376,16.0
2.0,1.2832269398085113e-5,0.00953866918822393,0.00953866918822393,0.00953866918822392,16.0
2.0,1.5156174459458148e-5,0.009520547493391986,0.009520547493391986,0.009520547493391974,16.0
2.0,1.790093529986284e-5,0.009500050042468894,0.009500050042468894,0.00950005004246889,16.0
2.0,2.1142768280151552e-5,0.009476844378307902,0.009476844378307902,0.009476844378307899,16.0
2.0,2.4971692431713816e-5,0.00945054647687394,0.00945054647687394,0.009450546476873939,16.0
2.0,2.9494029099752453e-5,0.00942071180636516,0.00942071180636516,0.009420711806365155,16.0
2.0,3.4835354268270685e-5,0.009386824768656122,0.009386824768656122,0.00938682476865612,16.0
2.0,4.11439855467596e-5,0.009348286277145793,0.009348286277145785,0.009348286277145785,16.0
2.0,4.859510064503221e-5,0.00930439922314324,0.00930439922314324,0.009304399223143234,16.0
2.0,5.739560169777463e-5,0.009254351604404513,0.009254351604404513,0.009254351604404507,16.0
2.0,6.77898605110998e-5,0.009197197148932319,0.009197197148932319,0.009197197148932315,16.0
2.0,8.006650426477779e-5,0.009131833385392637,0.009131833385392637,0.009131833385392632,16.0
2.0,9.456643009513235e-5,0.00905697731709932,0.00905697731709932,0.009056977317099315,16.0
2.0,0.00011169227110707769,0.008971139187747524,0.008971139187747524,0.008971139187747525,16.0
2.0,0.00013191957666697487,0.008872595333245987,0.008872595333245987,0.008872595333245987,16.0
2.0,0.000155810017430034,0.008759361855568214,0.008759361855568214,0.008759361855568212,16.0
2.0,0.00018402698177870242,0.008629171900537363,0.008629171900537363,0.00862917190053736,16.0
2.0,0.00021735399675304083,0.008479460741766323,0.008479460741766323,0.008479460741766325,16.0
2.0,0.0002567164849844229,0.008307364721885077,0.008307364721885077,0.008307364721885077,16.0
2.0,0.00030320746177783526,0.008109742388059345,0.008109742388059345,0.008109742388059341,16.0
2.0,0.0003581178858978845,0.007883228793475567,0.007883228793475567,0.00788322879347556,16.0
2.0,0.00042297250683738004,0.007624336658020597,0.007624336658020597,0.007624336658020592,16.0
2.0,0.0004995722039733916,0.007329620347167464,0.007329620347167464,0.007329620347167458,16.0
2.0,0.0005900439932820139,0.0069959194850416585,0.0069959194850416585,0.006995919485041654,16.0
2.0,0.0006969000901954286,0.006620696979390656,0.006620696979390662,0.006620696979390657,16.0
2.0,0.0008231076686552561,0.006202479236399718,0.006202479236399718,0.006202479236399715,16.0
2.0,0.0009721712534275906,0.005741391895815282,0.005741391895815282,0.005741391895815276,16.0
2.0,0.0011482300335447597,0.0052397601828318326,0.0052397601828318326,0.005239760182831829,16.0
2.0,0.001356172799067853,0.00470270797538268,0.004702707975382685,0.004702707975382681,16.0
2.0,0.0016017736927274354,0.004138646325963379,0.004138646325963379,0.004138646325963377,16.0
2.0,0.0018918525459861511,0.0035594988610767606,0.0035594988610767606,0.0035594988610767593,16.0
2.0,0.002234464251725803,0.002980484869140119,0.002980484869140119,0.002980484869140118,16.0
2.0,0.0026391224320487273,0.002419295618413303,0.002419295618413303,0.0024192956184133016,16.0
2.0,0.003117063611988135,0.0018945821497105824,0.0018945821497105824,0.0018945821497105809,16.0
2.0,0.00368155923468772,0.0014238377576202806,0.0014238377576202806,0.0014238377576202808,16.0
2.0,0.004348284182070147,0.001020986489703931,0.001020986489703931,0.0010209864897039304,16.0
2.0,0.0051357520340550005,0.000694210261214511,0.0006942102612145115,0.0006942102612145118,16.0
2.0,0.006065829152579194,0.00044464667113986177,0.00044464667113986177,0.0004446466711398618,16.0
2.0,0.007164341865475201,0.000266455334953603,0.000266455334953603,0.0002664553349536029,16.0
2.0,0.008461793610454068,0.00014835688199059724,0.00014835688199059724,0.00014835688199059762,16.0
2.0,0.009994211952806092,7.622389162775605e-5,7.622389162775605e-5,7.622389162775608e-5,16.0
2.0,0.011804148996757703,3.590328920973157e-5,3.590328920973157e-5,3.590328920973162e-5,16.0
2.0,0.013941862969849636,1.5411156007164874e-5,1.5411156007164847e-5,1.541115600716489e-5,16.0
2.0,0.016466713790503185,5.9970706990084545e-6,5.9970706990084545e-6,5.997070699008464e-6,16.0
2.0,0.019448811370814407,2.106886553780215e-6,2.106886553780215e-6,2.1068865537802126e-6,16.0
2.0,0.022970962424553147,6.663072585153854e-7,6.663072585153854e-7,6.663072585153858e-7,16.0
2.0,0.02713096983921938,1.8939825086328584e-7,1.8939825086328584e-7,1.893982508632863e-7,16.0
2.0,0.03204434846098751,4.838600300182518e-8,4.838600300182518e-8,4.838600300182511e-8,16.0
2.0,0.037847532704298546,1.1125464434082336e-8,1.1125464434082336e-8,1.1125464434082339e-8,16.0
2.0,0.04470166505481835,2.3088048272761525e-9,2.3088048272761525e-9,2.3088048272761525e-9,16.0
2.0,0.052797070664694024,4.341924070510449e-10,4.341924070510449e-10,4.3419240705104333e-10,16.0
2.0,0.062358542290411365,7.43720092726419e-11,7.437200927264163e-11,7.437200927264177e-11,16.0
2.0,0.07365158232510358,1.1671421843734642e-11,1.1671421843734642e-11,1.1671421843734668e-11,16.0
2.0,0.08698977525370445,1.6889617507948482e-12,1.6889617507948482e-12,1.6889617507948447e-12,16.0
2.0,0.10274349524885605,2.26896382503635e-13,2.26896382503635e-13,2.2689638250363473e-13,16.0
2.0,0.1213501906995923,2.849158935368688e-14,2.849158935368688e-14,2.849158935368686e-14,16.0
2.0,0.14332653125299796,3.366784504631768e-15,3.366784504631768e-15,3.3667845046317596e-15,16.0
2.0,0.16928275466719653,3.7683000858465125e-16,3.7683000858465125e-16,3.7683000858465244e-16,16.0
2.0,0.19993961185825354,4.019526329265794e-17,4.019526329265823e-17,4.0195263292658175e-17,16.0
2.0,0.23614838067008112,4.1094580915228396e-18,4.1094580915228396e-18,4.109458091522849e-18,16.0
2.0,0.27891450410855395,4.048089404015588e-19,4.048089404015588e-19,4.0480894040156067e-19,16.0
2.0,0.3294255094249588,3.8604153614391087e-20,3.8604153614391087e-20,3.8604153614391014e-20,16.0
2.0,0.38908398330427807,3.579208449249727e-21,3.579208449249727e-21,3.579208449249717e-21,16.0
2.0,0.45954651881143616,3.238583888270433e-22,3.238583888270433e-22,3.238583888270439e-22,16.0
2.0,0.5427697155720663,2.86940655614528e-23,2.869406556145341e-23,2.869406556145337e-23,16.0
2.0,0.6410645105181688,2.49673958057252e-24,2.4967395805730875e-24,2.496739580573086e-24,16.0
2.0,0.7571603478516731,2.139004964916592e-25,2.1390049649223216e-25,2.1390049649223166e-25,16.0
2.0,0.8942809700937555,1.808318059761555e-26,1.8083180598191566e-26,1.8083180598191557e-26,16.0
2.0,1.056233934781403,1.5114690415738808e-27,1.5114690421552063e-27,1.51146904215521e-27,16.0
2.0,1.2475163425056932,1.2511431145908817e-28,1.2511431204812627e-28,1.2511431204812564e-28,16.0
2.0,1.473439712141867,1.0271146256037264e-29,1.0271146856359785e-29,1.0271146856359746e-29,16.0
2.0,1.7402774707993858,8.372739090575245e-31,8.372745262851763e-31,8.372745262851816e-31,16.0
2.0,2.055439153984407,6.784313757797314e-32,6.784378102102554e-32,6.784378102102529e-32,16.0
2.0,2.427676153154752,5.46866011351185e-33,5.46934657979348e-33,5.46934657979345e-33,16.0
2.0,2.8673247238536184,4.382479396369431e-34,4.3901260533213754e-34,4.390126053321355e-34,16.0
2.0,3.3865930022578867,3.4166451748212816e-35,3.5109003121402647e-35,3.5109003121402556e-35,16.0
2.0,3.9999000000000002,6.056748376102584e-38,2.7989921341728777e-36,2.7989921341728623e-36,16.0
3.0,1.0e-8,0.003693710524847799,0.003693710524847799,0.0,256.0
3.0,1.1810985250761504e-8,0.0036935536590536034,0.0036935536590536034,0.0,256.0
3.0,1.394993725937055e-8,0.003693377400862933,0.003693377400862933,0.0,256.0
3.0,1.647625032194739e-8,0.0036931793512409382,0.0036931793512409382,0.0,256.0
3.0,1.9460074954037512e-8,0.0036929568138359885,0.0036929568138359885,0.0,256.0
3.0,2.2984265826085043e-8,0.0036927067579639646,0.0036927067579639646,0.0,256.0
3.0,2.7146682467147153e-8,0.0036924257769310985,0.0036924257769310985,0.0,256.0
3.0,3.206290662265809e-8,0.003692110041091954,0.003692110041091954,0.0,256.0
3.0,3.786945172167581e-8,0.0036917552449560005,0.0036917552449560005,0.0,256.0
3.0,4.4727553573913786e-8,0.0036913565475602955,0.0036913565475602955,0.0,256.0
3.0,5.282764755641396e-8,0.0036909085052146467,0.0036909085052146467,0.0,256.0
3.0,6.239465661212323e-8,0.003690404995596218,0.003690404995596218,0.0,256.0
3.0,7.369423689721162e-8,0.0036898391320195905,0.0036898391320195874,0.0,256.0
3.0,8.704015450590888e-8,0.0036892031665312296,0.0036892031665312296,0.0,256.0
3.0,1.0280299810932923e-7,0.0036884883802689402,0.0036884883802689402,0.0,256.0
3.0,1.2142046944033502e-7,0.0036876849592804035,0.0036876849592804035,0.0,256.0
3.0,1.434095373700335e-7,0.0036867818537023814,0.0036867818537023814,0.0,256.0
3.0,1.6938079306959928e-7,0.0036857666178531545,0.0036857666178531545,0.0,256.0
3.0,2.0005540487073236e-7,0.003684625228373143,0.003684625228373143,0.0,256.0
3.0,2.3628514362633408e-7,0.0036833418770462457,0.0036833418770462457,0.0,256.0
3.0,2.7907603463446955e-7,0.0036818987343288138,0.0036818987343288138,0.0,256.0
3.0,3.29616292890872e-7,0.003680275678879952,0.003680275678879952,0.0,256.0
3.0,3.893093173744773e-7,0.00367844998749711,0.00367844998749711,0.0,256.0
3.0,4.5981266054939806e-7,0.003676395978779234,0.003676395978779234,0.0,256.0
3.0,5.430840551862335e-7,0.003674084602522047,0.0036740846025220437,0.0,256.0
3.0,6.41435776572835e-7,0.0036714829652444566,0.0036714829652444566,0.0,256.0
3.0,7.575988496412506e-7,0.0036685537802883445,0.0036685537802883445,0.0,256.0
3.0,8.947988839106693e-7,0.0036652547285522556,0.0036652547285522556,0.0,256.0
3.0,1.056845642026675e-6,0.0036615377130263995,0.0036615377130263995,0.0,256.0
3.0,1.248238829030863e-6,0.0036573479867945133,0.003657347986794517,0.0,256.0
3.0,1.4742930399111333e-6,0.003652623129950001,0.003652623129950004,0.0,256.0
3.0,1.7412853349690736e-6,0.003647291845827012,0.003647291845827012,0.0,256.0
3.0,2.056629540868699e-6,0.0036412725409638276,0.0036412725409638276,0.0,256.0
3.0,2.429082117348061e-6,0.0036344716462067233,0.0036344716462067233,0.0,256.0
3.0,2.8689853060886473e-6,0.0036267816282831173,0.0036267816282831173,0.0,256.0
3.0,3.388554313486442e-6,0.003618078632063482,0.003618078632063482,0.0,256.0
3.0,4.002216501799264e-6,0.0036082196837759232,0.0036082196837759232,0.0,256.0
3.0,4.727012007310541e-6,0.003597039375054504,0.003597039375054504,0.0,256.0
3.0,5.583066909851733e-6,0.0035843459376748714,0.0035843459376748714,0.0,256.0
3.0,6.594152092627329e-6,0.0035699166104913842,0.0035699166104913842,0.0,256.0
3.0,7.78834331072995e-6,0.0035534921955797274,0.0035534921955797274,0.0,256.0
3.0,9.198800797089844e-6,0.003534770703208287,0.003534770703208287,0.0,256.0
3.0,1.0864690053912131e-5,0.00351339999993541,0.00351339999993541,0.0,256.0
3.0,1.2832269398085113e-5,0.0034889694079999274,0.0034889694079999274,0.0,256.0
3.0,1.5156174459458148e-5,0.003461000267318629,0.003461000267318632,0.0,256.0
3.0,1.790093529986284e-5,0.0034289355776559623,0.0034289355776559623,0.0,256.0
3.0,2.1142768280151552e-5,0.003392129006264223,0.003392129006264196,0.0,256.0
3.0,2.4971692431713816e-5,0.003349833798990452,0.003349833798990443,0.0,256.0
3.0,2.9494029099752453e-5,0.0033011924989861234,0.0033011924989861203,0.0,256.0
3.0,3.4835354268270685e-5,0.003245228888665021,0.003245228888665021,0.0,256.0
3.0,4.11439855467596e-5,0.0031808442586176637,0.0031808442586176667,0.0,256.0
3.0,4.859510064503221e-5,0.0031068209934790713,0.0031068209934790683,0.0,256.0
3.0,5.739560169777463e-5,0.003021837545478539,0.0030218375454785416,0.0,256.0
3.0,6.77898605110998e-5,0.002924500085820137,0.0029245000858201396,0.0,256.0
3.0,8.006650426477779e-5,0.002813397333996202,0.002813397333996202,0.0,256.0
3.0,9.456643009513235e-5,0.00268718596901252,0.00268718596901252,0.0,256.0
3.0,0.00011169227110707769,0.0025447141113109743,0.0025447141113109743,0.0,256.0
3.0,0.00013191957666697487,0.002385188836731996,0.0023851888367319982,0.0,256.0
3.0,0.000155810017430034,0.002208389449874831,0.002208389449874831,0.0,256.0
3.0,0.00018402698177870242,0.0020149200046365597,0.0020149200046365597,0.0,256.0
3.0,0.00021735399675304083,0.0018064811426817934,0.0018064811426817934,0.0,256.0
3.0,0.0002567164849844229,0.0015861223974890004,0.0015861223974890017,0.0,256.0
3.0,0.00030320746177783526,0.001358413406485483,0.001358413406485483,0.0,256.0
3.0,0.0003581178858978845,0.0011294513662270605,0.0011294513662270605,0.0,256.0
3.0,0.00042297250683738004,0.0009066129827138825,0.0009066129827138825,0.0,256.0
3.0,0.0004995722039733916,0.0006979773245518242,0.0006979773245518242,0.0,256.0
3.0,0.0005900439932820139,0.0005114071702345111,0.0005114071702345111,0.0,256.0
3.0,0.0006969000901954286,0.0003533867277163016,0.00035338672771630125,0.0,256.0
3.0,0.0008231076686552561,0.00022785389572114849,0.00022785389572114849,0.0,256.0
3.0,0.0009721712534275906,0.00013537886303551967,0.0001353788630355199,0.0,256.0
3.0,0.0011482300335447597,7.304155852183366e-5,7.304155852183366e-5,0.0,256.0
3.0,0.001356172799067853,3.517823954125255e-5,3.517823954125255e-5,0.0,256.0
3.0,0.0016017736927274354,1.4824474970962923e-5,1.4824474970962923e-5,0.0,256.0
3.0,0.0018918525459861511,5.340351148457074e-6,5.3403511484570835e-6,0.0,256.0
3.0,0.002234464251725803,1.600620038599508e-6,1.600620038599508e-6,0.0,256.0
3.0,0.0026391224320487273,3.868175330192335e-7,3.868175330192335e-7,0.0,256.0
3.0,0.003117063611988135,7.269024804003572e-8,7.269024804003572e-8,0.0,256.0
3.0,0.00368155923468772,1.0187570167288918e-8,1.0187570167288918e-8,0.0,256.0
3.0,0.004348284182070147,1.0151119077457443e-9,1.0151119077457443e-9,0.0,256.0
3.0,0.0051357520340550005,6.809566110252393e-11,6.809566110252393e-11,0.0,256.0
3.0,0.006065829152579194,2.8909907091055706e-12,2.8909907091055706e-12,0.0,256.0
3.0,0.007164341865475201,7.246023863791571e-14,7.246023863791546e-14,0.0,256.0
3.0,0.008461793610454068,9.921874129077154e-16,9.921874129077154e-16,0.0,256.0
3.0,0.009994211952806092,6.812744373652838e-18,6.812744373652838e-18,0.0,256.0
3.0,0.011804148996757703,2.1363056440200522e-20,2.136305644020037e-20,0.0,256.0
3.0,0.013941862969849636,2.7660986996886636e-23,2.7660986996886836e-23,0.0,256.0
3.0,0.016466713790503185,1.3291187449365373e-26,1.3291187449365373e-26,0.0,256.0
3.0,0.019448811370814407,2.120903687346935e-30,2.120903687346935e-30,0.0,256.0
3.0,0.022970962424553147,1.0038872126941699e-34,1.0038872126941699e-34,0.0,256.0
3.0,0.02713096983921938,1.2603356738109487e-39,1.2603356738109487e-39,0.0,256.0
3.0,0.03204434846098751,3.770400296750109e-45,3.7704002967500557e-45,0.0,256.0
3.0,0.037847532704298546,2.4355687095610192e-51,2.4355687095610192e-51,0.0,256.0
3.0,0.04470166505481835,3.117932141141326e-58,3.1179321411412376e-58,0.0,256.0
3.0,0.052797070664694024,7.38185572343787e-66,7.38185572343787e-66,0.0,256.0
3.0,0.062358542290411365,3.07748629027928e-74,3.07748629027928e-74,0.0,256.0
3.0,0.07365158232510358,2.200321903760358e-83,2.200321903760358e-83,0.0,256.0
3.0,0.08698977525370445,2.6915929365524005e-93,2.6915929365524005e-93,0.0,256.0
3.0,0.10274349524885605,5.757588027469481e-104,5.757588027469481e-104,0.0,256.0
3.0,0.1213501906995923,2.2523946686802706e-115,2.2523946686802706e-115,0.0,256.0
3.0,0.14332653125299796,1.720496166231408e-127,1.720496166231408e-127,0.0,256.0
3.0,0.16928275466719653,2.787712170993441e-140,2.787712170993441e-140,0.0,256.0
3.0,0.19993961185825354,1.0550613618653633e-153,1.0550613618654233e-153,0.0,256.0
3.0,0.23614838067008112,1.0367795271966892e-167,1.0367795271966892e-167,0.0,256.0
3.0,0.27891450410855395,2.956454483227009e-182,2.956454483227177e-182,0.0,256.0
3.0,0.3294255094249588,2.7390259764593776e-197,2.7390259764592214e-197,0.0,256.0
3.0,0.38908398330427807,9.217939961296518e-213,9.217939961297042e-213,0.0,256.0
3.0,0.45954651881143616,1.2550915856939309e-228,1.2550915856939309e-228,0.0,256.0
3.0,0.5427697155720663,7.656252609338846e-245,7.656252609338846e-245,0.0,256.0
3.0,0.6410645105181688,2.3009222604388495e-261,2.3009222604388495e-261,0.0,256.0
3.0,0.7571603478516731,3.7170775081881025e-278,3.7170775081881025e-278,0.0,256.0
3.0,0.8942809700937555,3.4935713042310167e-295,3.49357130423062e-295,0.0,256.0
3.0,1.056233934781403,2.050945032686e-312,2.050945032686e-312,0.0,256.0
3.0,1.2475163425056932,0.0,0.0,0.0,256.0
3.0,1.473439712141867,0.0,0.0,0.0,256.0
3.0,1.7402774707993858,0.0,0.0,0.0,256.0
3.0,2.055439153984407,0.0,0.0,0.0,256.0
3.0,2.427676153154752,0.0,0.0,0.0,256.0
3.0,2.8673247238536184,0.0,0.0,0.0,256.0
3.0,3.3865930022578867,0.0,0.0,0.0,256.0
3.0,3.9999000000000002,0.0,0.0,0.0,256.0
4.0,1.0e-8,3.2196342863275564,33.51500901167046,33.51500901167049,0.5573500387748961
4.0,1.1810985250761504e-8,3.2196340025981365,33.515008727941044,33.515008727941066,0.5573500387748961
4.0,1.394993725937055e-8,3.2196336838081496,33.51500840915106,33.51500840915108,0.5573500387748961
4.0,1.647625032194739e-8,3.2196333256251535,33.51500805096808,33.51500805096808,0.5573500387748961
4.0,1.9460074954037512e-8,3.2196329231813228,33.515007648524225,33.51500764852425,0.5573500387748961
4.0,2.2984265826085043e-8,3.2196324710073427,33.51500719635024,33.515007196350275,0.5573500387748961
4.0,2.7146682467147153e-8,3.2196319629580272,33.51500668830093,33.51500668830095,0.5573500387748961
4.0,3.206290662265809e-8,3.2196313921288393,33.51500611747175,33.515006117471756,0.5573500387748961
4.0,3.786945172167581e-8,3.219630750762024,33.515005476104925,33.515005476104946,0.5573500387748961
4.0,4.4727553573913786e-8,3.21963003014123,33.51500475548415,33.515004755484156,0.5573500387748961
4.0,5.282764755641396e-8,3.219629220472985,33.515003945815906,33.5150039458159,0.5573500387748961
4.0,6.239465661212323e-8,3.2196283107536434,33.515003036096545,33.51500303609658,0.5573500387748961
4.0,7.369423689721162e-8,3.2196272886198427,33.515002013962736,33.51500201396277,0.5573500387748961
4.0,8.704015450590888e-8,3.2196261401804493,33.515000865523355,33.51500086552338,0.5573500387748961
4.0,1.0280299810932923e-7,3.2196248498278,33.51499957517072,33.51499957517072,0.5573500387748961
4.0,1.2142046944033502e-7,3.219623400025556,33.51499812536844,33.51499812536847,0.5573500387748961
4.0,1.434095373700335e-7,3.219621771070417,33.514996496413346,33.514996496413346,0.5573500387748961
4.0,1.6938079306959928e-7,3.2196199408243,33.51499466616722,33.51499466616723,0.5573500387748961
4.0,2.0005540487073236e-7,3.219617884413491,33.51499260975639,33.51499260975641,0.5573500387748961
4.0,2.3628514362633408e-7,3.219615573890573,33.51499029923347,33.5149902992335,0.5573500387748961
4.0,2.7907603463446955e-7,3.219612977854621,33.51498770319752,33.51498770319754,0.5573500387748961
4.0,3.29616292890872e-7,3.2196100610244205,33.51498478636732,33.51498478636735,0.5573500387748961
4.0,3.893093173744773e-7,3.219606783758952,33.51498150910185,33.51498150910188,0.5573500387748961
4.0,4.5981266054939806e-7,3.2196031015186315,33.514977826861525,33.51497782686155,0.5573500387748961
4.0,5.430840551862335e-7,3.219598964259946,33.51497368960285,33.51497368960289,0.5573500387748961
4.0,6.41435776572835e-7,3.219594315755306,33.514969041098226,33.514969041098254,0.5573500387748961
4.0,7.575988496412506e-7,3.2195890928287856,33.51496381817169,33.51496381817173,0.5573500387748961
4.0,8.947988839106693e-7,3.2195832244974394,33.51495794984037,33.51495794984038,0.5573500387748961
4.0,1.056845642026675e-6,3.219576631006483,33.51495135634943,33.51495135634944,0.5573500387748961
4.0,1.248238829030863e-6,3.2195692227451973,33.51494394808813,33.51494394808816,0.5573500387748961
4.0,1.4742930399111333e-6,3.219560899028833,33.51493562437178,33.514935624371816,0.5573500387748961
4.0,1.7412853349690736e-6,3.2195515467299303,33.5149262720729,33.51492627207293,0.5573500387748961
4.0,2.056629540868699e-6,3.219541038740427,33.51491576408342,33.514915764083455,0.5573500387748961
4.0,2.429082117348061e-6,3.2195292322436266,33.514903957586654,33.51490395758667,0.5573500387748961
4.0,2.8689853060886473e-6,3.2195159667724553,33.51489069211554,33.514890692115564,0.5573500387748961
4.0,3.388554313486442e-6,3.2195010620276325,33.51487578737078,33.51487578737081,0.5573500387748961
4.0,4.002216501799264e-6,3.2194843154259454,33.514859040769196,33.514859040769224,0.5573500387748961
4.0,4.727012007310541e-6,3.219465499345222,33.514840224688605,33.51484022468863,0.5573500387748961
4.0,5.583066909851733e-6,3.2194443580284475,33.51481908337201,33.514819083372046,0.5573500387748961
4.0,6.594152092627329e-6,3.2194206041047098,33.51479532944855,33.51479532944858,0.5573500387748961
4.0,7.78834331072995e-6,3.2193939146794763,33.51476864002368,33.51476864002371,0.5573500387748961
4.0,9.198800797089844e-6,3.219363926940704,33.51473865228541,33.51473865228545,0.5573500387748961
4.0,1.0864690053912131e-5,3.219330233220691,33.51470495856614,33.51470495856616,0.5573500387748961
4.0,1.2832269398085113e-5,3.2192923754458853,33.514667100792344,33.514667100792366,0.5573500387748961
4.0,1.5156174459458148e-5,3.2192498388985546,33.514624564246404,33.51462456424644,0.5573500387748961
4.0,1.790093529986284e-5,3.219202045204476,33.51457677055431,33.514576770554314,0.5573500387748961
4.0,2.1142768280151552e-5,3.2191483444500406,33.51452306980259,33.51452306980261,0.5573500387748961
4.0,2.4971692431713816e-5,3.219088006319947,33.51446273167631,33.514462731676325,0.5573500387748961
4.0,2.9494029099752453e-5,3.2190202101326792,33.51439493549434,33.514394935494366,0.5573500387748961
4.0,3.4835354268270685e-5,3.2189440336354407,33.51431875900453,33.514318759004546,0.5573500387748961
4.0,4.11439855467596e-5,3.2188584404022738,33.514233165781704,33.51423316578171,0.5573500387748961
4.0,4.859510064503221e-5,3.2187622656589494,33.51413699105281,33.514136991052816,0.5573500387748961
4.0,5.739560169777463e-5,3.2186542003352283,33.5140289257492,33.514028925749216,0.5573500387748961
4.0,6.77898605110998e-5,3.2185327731188687,33.5139074985609,33.51390749856093,0.5573500387748961
4.0,8.006650426477779e-5,3.2183963302558865,33.51377105573708,33.51377105573711,0.5573500387748961
4.0,9.456643009513235e-5,3.218243012807333,33.51361773834314,33.51361773834317,0.5573500387748961
4.0,0.00011169227110707769,3.2180707310336554,33.513445456645684,33.5134454566457,0.5573500387748961
4.0,0.00013191957666697487,3.2178771355325835,33.513251861250886,33.51325186125093,0.5573500387748961
4.0,0.000155810017430034,3.217659584704479,33.51303431057108,33.513034310571115,0.5573500387748961
4.0,0.00018402698177870242,3.2174151080589115,33.51278983413238,33.5127898341324,0.5573500387748961
4.0,0.00021735399675304083,3.2171403648065597,33.512515091168574,33.51251509116861,0.5573500387748961
4.0,0.0002567164849844229,3.216831597099115,33.512206323863694,33.512206323863715,0.5573500387748961
4.0,0.00030320746177783526,3.216484577185279,33.51185930451139,33.51185930451141,0.5573500387748961
4.0,0.0003581178858978845,3.216094547639552,33.51146927574903,33.51146927574906,0.5573500387748961
4.0,0.00042297250683738004,3.2156561536899586,33.51103088289222,33.51103088289224,0.5573500387748961
4.0,0.0004995722039733916,3.215163366516577,33.51053809724326,33.51053809724327,0.5573500387748961
4.0,0.0005900439932820139,3.214609396210254,33.50998412906348,33.50998412906352,0.5573500387748961
4.0,0.0006969000901954286,3.213986592864243,33.509361328684015,33.50936132868402,0.5573500387748961
4.0,0.0008231076686552561,3.213286334013848,33.5086610739719,33.50866107397192,0.5573500387748961
4.0,0.0009721712534275906,3.2124988963318093,33.50787364206276,33.50787364206277,0.5573500387748961
4.0,0.0011482300335447597,3.211613309120501,33.5069880629046,33.50698806290461,0.5573500387748961
4.0,0.001356172799067853,3.2106171867037787,33.50599195172197,33.50599195172199,0.5573500387748961
4.0,0.0016017736927274354,3.209496536298103,33.50487131698777,33.50487131698779,0.5573500387748961
4.0,0.0018918525459861511,3.2082355373185143,33.5036103398698,33.50361033986982,0.5573500387748961
4.0,0.002234464251725803,3.206816287332357,33.50219112038047,33.5021911203805,0.5573500387748961
4.0,0.0026391224320487273,3.205218508993846,33.500593384584846,33.50059338458487,0.5573500387748961
4.0,0.003117063611988135,3.2034192112556745,33.49879414619376,33.49879414619377,0.5573500387748961
4.0,0.00368155923468772,3.2013922969419344,33.4967673146688,33.49676731466883,0.5573500387748961
4.0,0.004348284182070147,3.1991081073654226,33.49448324058219,33.4944832405822,0.5573500387748961
4.0,0.0051357520340550005,3.196532893075614,33.491908187400064,33.49190818740009,0.5573500387748961
4.0,0.006065829152579194,3.193628198040263,33.48900371710907,33.48900371710907,0.5573500387748961
4.0,0.007164341865475201,3.1903501426264156,33.485725975212304,33.48572597521234,0.5573500387748961
4.0,0.008461793610454068,3.186648588726072,33.4820248586667,33.482024858666726,0.5573500387748961
4.0,0.009994211952806092,3.1824661683940487,33.477843048442466,33.47784304844247,0.5573500387748961
4.0,0.011804148996757703,3.1777371556363203,33.473114886782554,33.473114886782554,0.5573500387748961
4.0,0.013941862969849636,3.1723861598223597,33.4677650782472,33.46776507824719,0.5573500387748961
4.0,0.016466713790503185,3.166326619056015,33.46170719373193,33.46170719373194,0.5573500387748961
4.0,0.019448811370814407,3.159459073373764,33.45484195851906,33.45484195851907,0.5573500387748961
4.0,0.022970962424553147,3.1516692017153027,33.44705530996937,33.447055309969386,0.5573500387748961
4.0,0.02713096983921938,3.1428256143433995,33.438216218849966,33.43821621884998,0.5573500387748961
4.0,0.03204434846098751,3.132777405125216,33.42817428194582,33.42817428194583,0.5573500387748961
4.0,0.037847532704298546,3.1213514873332513,33.416757114128856,33.41675711412887,0.5573500387748961
4.0,0.04470166505481835,3.108349763867986,33.40376759708895,33.40376759708896,0.5573500387748961
4.0,0.052797070664694024,3.0935462191755194,33.38898108079931,33.388981080799326,0.5573500387748961
4.0,0.062358542290411365,3.076684065854897,33.37214268299808,33.37214268299811,0.5573500387748961
4.0,0.07365158232510358,3.0574731325428726,33.35296489044117,33.3529648904412,0.5573500387748961
4.0,0.08698977525370445,3.0355877369337434,33.33112572978175,33.33112572978176,0.5573500387748961
4.0,0.10274349524885605,3.0106653407220345,33.3062678384396,33.306267838439624,0.5573500387748961
4.0,0.1213501906995923,2.982306319119232,33.27799881513949,33.27799881513951,0.5573500387748961
4.0,0.14332653125299796,2.950075178781041,33.24589324993183,33.245893249931854,0.5573500387748961
4.0,0.16928275466719653,2.9135035031802228,33.20949680549474,33.20949680549475,0.5573500387748961
4.0,0.19993961185825354,2.8720947717896275,33.16833262690864,33.168332626908644,0.5573500387748961
4.0,0.23614838067008112,2.825330971588257,33.12191018369972,33.12191018369975,0.5573500387748961
4.0,0.27891450410855395,2.7726805898476417,33.069736397035086,33.06973639703511,0.5573500387748961
4.0,0.3294255094249588,2.713607155018797,33.01132859780144,33.01132859780146,0.5573500387748961
4.0,0.38908398330427807,2.647577002198373,32.94622854185023,32.94622854185026,0.5573500387748961
4.0,0.45954651881143616,2.574064410547006,32.874016438962954,32.87401643896296,0.5573500387748961
4.0,0.5427697155720663,2.492551702668923,32.794323799000686,32.7943237990007,0.5573500387748961
4.0,0.6410645105181688,2.4025212607895994,32.706843914613835,32.70684391461384,0.5573500387748961
4.0,0.7571603478516731,2.3034355273026925,32.61133900333542,32.61133900333542,0.5573500387748961
4.0,0.8942809700937555,2.1946995080070577,32.50764339680483,32.50764339680483,0.5573500387748961
4.0,1.056233934781403,2.0755972091921837,32.39566262434258,32.395662624342584,0.5573500387748961
4.0,1.2475163425056932,1.945186902549884,32.275368702549116,32.27536870254913,0.5573500387748961
4.0,1.473439712141867,1.8021255895037365,32.14679232568991,32.14679232568994,0.5573500387748961
4.0,1.7402774707993858,1.6443584659059138,32.01001289356682,32.010012893566824,0.5573500387748961
4.0,2.055439153984407,1.468517680509368,31.86514739343238,31.865147393432395,0.5573500387748961
4.0,2.427676153154752,1.2685911880274656,31.71233908672025,31.712339086720274,0.5573500387748961
4.0,2.8673247238536184,1.0323056972848434,31.551746781711902,31.551746781711923,0.5573500387748961
4.0,3.3865930022578867,0.726949105773202,31.383535250785023,31.383535250785037,0.5573500387748961
4.0,3.9999000000000002,0.00886593572941764,31.20786712198325,31.207867121983266,0.5573500387748961
