ell_eff,Dl_y_x_b16_projected,Dl_y_x_b16_sphere,Dl_y_x_lee22_projected,Dl_y_x_lee22_sphere,Dl_y_projected,Dl_y_sphere,Dl_dm_b16_projected,Dl_dm_b16_sphere,Dl_dm_lee22noc_projected,Dl_dm_lee22noc_sphere,r_lee22_projected,r_lee22_sphere,r_b16_projected,r_b16_sphere,Dl_poisson_y_x_b16_projected,Dl_poisson_y_x_b16_sphere,Dl_poisson_y_x_lee22_projected,Dl_poisson_y_x_lee22_sphere
31.5192,3.59636e-06,3.38013e-06,9.11363e-06,9.04013e-06,2.70446e-14,2.6701e-14,669.173,593.674,4250.6,4213.12,0.850014,0.852332,0.845385,0.848976,4.88931e-06,4.91115e-06,1.54017e-05,1.55018e-05
35.5171,3.39588e-06,3.20147e-06,8.20634e-06,8.16557e-06,2.62286e-14,2.59503e-14,643.122,569.819,3994.79,3979.68,0.801706,0.803511,0.826834,0.832549,5.36592e-06,5.39642e-06,1.78541e-05,1.79357e-05
40.0244,3.84706e-06,3.63001e-06,1.01865e-05,1.00841e-05,3.26118e-14,3.22594e-14,735.076,651.317,5049.95,4972.72,0.793767,0.79618,0.785733,0.791923,5.89247e-06,5.88686e-06,2.05254e-05,2.05464e-05
45.0217,4.02364e-06,3.82792e-06,1.07562e-05,1.06957e-05,3.66152e-14,3.62792e-14,749.433,671.22,5068.7,5031.09,0.789551,0.791682,0.768107,0.775714,6.48202e-06,6.39769e-06,2.33391e-05,2.32653e-05
50.5283,6.05838e-06,5.78489e-06,1.69333e-05,1.6782e-05,5.43963e-14,5.39757e-14,999.347,904.128,7357.48,7263.35,0.846432,0.847569,0.821701,0.828096,7.12201e-06,6.9476e-06,2.6232e-05,2.60633e-05
56.5254,6.4906e-06,6.18164e-06,1.79864e-05,1.78192e-05,6.0272e-14,5.97673e-14,1086.34,977.715,7980.91,7856.52,0.820085,0.822321,0.802128,0.80866,7.74735e-06,7.52869e-06,2.90649e-05,2.88559e-05
63.5407,6.20662e-06,5.86404e-06,1.70924e-05,1.68386e-05,5.97356e-14,5.91627e-14,1032.21,917.237,7681.12,7486.61,0.797946,0.800089,0.790416,0.796036,8.33686e-06,8.15926e-06,3.19339e-05,3.17755e-05
71.5362,7.96896e-06,7.5845e-06,2.30686e-05,2.28319e-05,8.06815e-14,7.99646e-14,1238.2,1107.35,9715.56,9540.48,0.823948,0.826623,0.797295,0.806002,8.8868e-06,8.79002e-06,3.46885e-05,3.46324e-05
80.5506,8.05743e-06,7.65117e-06,2.37967e-05,2.34967e-05,8.45685e-14,8.38046e-14,1300.49,1154.37,10193.6,9963.02,0.810492,0.813164,0.768314,0.777895,9.53356e-06,9.42706e-06,3.7356e-05,3.73327e-05
91.0544,9.17239e-06,8.72501e-06,2.66011e-05,2.63013e-05,1.00409e-13,9.95811e-14,1446.69,1281.67,10940.4,10696.6,0.802596,0.805871,0.761041,0.772307,1.03728e-05,1.01406e-05,4.00423e-05,3.9942e-05
102.558,1.06612e-05,1.01419e-05,3.17794e-05,3.14439e-05,1.21241e-13,1.20242e-13,1624.68,1442.81,12704.3,12443.2,0.809742,0.812909,0.759621,0.769995,1.11585e-05,1.08815e-05,4.24301e-05,4.22924e-05
115.06,1.16947e-05,1.11741e-05,3.48398e-05,3.45716e-05,1.34499e-13,1.33521e-13,1723.74,1537.47,13571.1,13351.2,0.81547,0.81881,0.768056,0.779891,1.18306e-05,1.16095e-05,4.45135e-05,4.44128e-05
129.072,1.26604e-05,1.21184e-05,3.84643e-05,3.82021e-05,1.51557e-13,1.50643e-13,1870.89,1664.52,14777.2,14542.8,0.812781,0.816184,0.751856,0.765289,1.26991e-05,1.24188e-05,4.66256e-05,4.64975e-05
145.082,1.41088e-05,1.35396e-05,4.18373e-05,4.15897e-05,1.69164e-13,1.68289e-13,2082.98,1863.59,15911.8,15680.3,0.806398,0.809618,0.751615,0.764543,1.3675e-05,1.33552e-05,4.88017e-05,4.86676e-05
163.092,1.57968e-05,1.51932e-05,4.70606e-05,4.68124e-05,1.95901e-13,1.94983e-13,2234.51,2007.74,17416.9,17190.5,0.805661,0.808569,0.755022,0.767886,1.46352e-05,1.43369e-05,5.10001e-05,5.0888e-05
183.609,1.73221e-05,1.66812e-05,5.13697e-05,5.11366e-05,2.17354e-13,2.16403e-13,2490.99,2240.9,18895,18670.2,0.801584,0.804499,0.744442,0.7575,1.58606e-05,1.54755e-05,5.34949e-05,5.33419e-05
206.616,1.91421e-05,1.84407e-05,5.57674e-05,5.55009e-05,2.41338e-13,2.40221e-13,2708.5,2443.34,20095.8,19853.5,0.800783,0.803667,0.748708,0.761166,1.7144e-05,1.67603e-05,5.61703e-05,5.60457e-05
232.13,2.0732e-05,1.9984e-05,5.94802e-05,5.91883e-05,2.66621e-13,2.65353e-13,2872.59,2599.07,20970.2,20724.2,0.795471,0.79815,0.749132,0.760958,1.86049e-05,1.81678e-05,5.9086e-05,5.89389e-05
260.643,2.19653e-05,2.12062e-05,6.1507e-05,6.12174e-05,2.86294e-13,2.85089e-13,3063.52,2778.71,21501,21253.5,0.783952,0.786448,0.741688,0.753445,2.01894e-05,1.97215e-05,6.22239e-05,6.20614e-05
293.174,2.41581e-05,2.33473e-05,6.5961e-05,6.56807e-05,3.14921e-13,3.13643e-13,3339.33,3037.32,22520.1,22275.9,0.783251,0.785783,0.744958,0.756438,2.19913e-05,2.14847e-05,6.56736e-05,6.55083e-05
329.682,2.61814e-05,2.53335e-05,6.90595e-05,6.87901e-05,3.40186e-13,3.38928e-13,3627.12,3307.58,23290.3,23034.4,0.77585,0.778544,0.745339,0.756633,2.39447e-05,2.34232e-05,6.93266e-05,6.91806e-05
370.208,2.81411e-05,2.73279e-05,7.38397e-05,7.35909e-05,3.73679e-13,3.72573e-13,3862.92,3540.87,24627.9,24371,0.76971,0.772292,0.740687,0.752393,2.6067e-05,2.55141e-05,7.31226e-05,7.29802e-05
416.24,3.06379e-05,2.9762e-05,7.73535e-05,7.70957e-05,4.06137e-13,4.04902e-13,4164.09,3826.06,25235.2,24981.6,0.764083,0.766558,0.74501,0.756156,2.83783e-05,2.781e-05,7.70884e-05,7.69463e-05
468.269,3.26167e-05,3.17832e-05,8.0506e-05,8.02709e-05,4.39886e-13,4.3882e-13,4422.85,4082.8,25890.2,25640.6,0.754381,0.756747,0.739467,0.75089,3.08891e-05,3.03001e-05,8.11535e-05,8.10094e-05
526.294,3.52888e-05,3.44423e-05,8.52222e-05,8.50018e-05,4.78614e-13,4.77528e-13,4736.82,4390.13,26657.1,26422.3,0.754491,0.756734,0.741141,0.752236,3.35524e-05,3.29438e-05,8.52092e-05,8.50637e-05
591.335,3.81906e-05,3.73299e-05,8.95585e-05,8.93299e-05,5.23033e-13,5.21998e-13,5073.96,4719.14,27311.8,27076.2,0.74932,0.751395,0.741341,0.752127,3.63511e-05,3.57353e-05,8.92079e-05,8.90699e-05
664.881,4.06949e-05,3.987e-05,9.21314e-05,9.19337e-05,5.59471e-13,5.58547e-13,5376.82,5023.94,27467.9,27244.1,0.743201,0.745261,0.741973,0.752651,3.93015e-05,3.86849e-05,9.31281e-05,9.2993e-05
747.422,4.37534e-05,4.29462e-05,9.67519e-05,9.65646e-05,6.08712e-13,6.07823e-13,5731.58,5378.34,27983.9,27772.3,0.74131,0.74323,0.740744,0.751124,4.236e-05,4.17463e-05,9.68498e-05,9.6722e-05
839.976,4.67625e-05,4.59854e-05,9.98822e-05,9.97082e-05,6.55472e-13,6.54693e-13,6061.34,5712.34,27905,27705.5,0.738533,0.740336,0.741884,0.751958,4.54855e-05,4.48828e-05,0.000100293,0.000100171
944.544,5.00613e-05,4.93028e-05,0.000103533,0.00010337,7.12474e-13,7.11722e-13,6384.56,6044.01,27737.7,27564.2,0.736476,0.738018,0.742253,0.751716,4.86658e-05,4.80807e-05,0.000103385,0.000103269
1061.59,5.32975e-05,5.25984e-05,0.000106611,0.000106455,7.68041e-13,7.67413e-13,6690.06,6364.3,27379.2,27219,0.735187,0.736574,0.743532,0.752632,5.18236e-05,5.12651e-05,0.000105994,0.000105882
1193.18,5.60878e-05,5.54398e-05,0.00010816,0.000108021,8.17967e-13,8.17436e-13,6996.95,6683.76,26696.3,26555,0.731938,0.733179,0.741389,0.75004,5.4912e-05,5.43944e-05,0.000108025,0.00010792
1341.26,5.9188e-05,5.86052e-05,0.000110178,0.000110055,8.73247e-13,8.72814e-13,7273.18,6980.9,25888.3,25770.2,0.732782,0.733822,0.742682,0.750792,5.7878e-05,5.74039e-05,0.000109354,0.000109256
1507.36,6.1991e-05,6.14738e-05,0.000110883,0.000110768,9.29068e-13,9.28711e-13,7500.65,7232.76,24749.8,24653.6,0.731236,0.732041,0.742601,0.750063,6.06679e-05,6.02373e-05,0.000109902,0.000109812
1694.46,6.45662e-05,6.411e-05,0.000110781,0.000110674,9.80268e-13,9.79987e-13,7717.82,7475.19,23445,23371.3,0.730746,0.731296,0.742311,0.749039,6.32037e-05,6.28255e-05,0.00010956,0.000109477
1904.58,6.72301e-05,6.68414e-05,0.00011015,0.000110063,1.03349e-12,1.03326e-12,7913.89,7701.1,21988.7,21935.8,0.730687,0.731068,0.74339,0.749315,6.54247e-05,6.51011e-05,0.000108295,0.000108219
2140.72,6.94648e-05,6.91459e-05,0.000108524,0.000108445,1.07904e-12,1.07888e-12,8063.68,7881.84,20366.7,20330.2,0.732059,0.732235,0.744698,0.749835,6.72599e-05,6.69917e-05,0.000106046,0.000105978
2406.37,7.12523e-05,7.10095e-05,0.000105852,0.000105791,1.12032e-12,1.12023e-12,8146.68,7997.62,18610.5,18591.5,0.733072,0.733059,0.745826,0.750209,6.86444e-05,6.8438e-05,0.000102827,0.000102771
2704.53,7.29975e-05,7.28221e-05,0.000102725,0.000102674,1.15859e-12,1.15855e-12,8220.25,8105.19,16860.3,16852.6,0.734987,0.7348,0.747998,0.751492,6.95333e-05,6.93811e-05,9.86808e-05,9.86336e-05
3039.73,7.43117e-05,7.41995e-05,9.87052e-05,9.86704e-05,1.19221e-12,1.1922e-12,8225.65,8143.58,15041.4,15044.2,0.737088,0.736761,0.750403,0.75304,6.98748e-05,6.97753e-05,9.36697e-05,9.36327e-05
3416.94,7.53833e-05,7.53221e-05,9.4016e-05,9.39891e-05,1.21989e-12,1.21991e-12,8209.93,8157.6,13244.9,13252.9,0.739633,0.739193,0.753259,0.755051,6.96375e-05,6.959e-05,8.79007e-05,8.78769e-05
3840.68,7.61575e-05,7.61548e-05,8.87805e-05,8.87693e-05,1.2423e-12,1.24236e-12,8153.95,8130.4,11521,11532.2,0.742094,0.741623,0.756687,0.757736,6.87861e-05,6.87885e-05,8.14984e-05,8.14865e-05
4316.95,7.67386e-05,7.67806e-05,8.3267e-05,8.32675e-05,1.26083e-12,1.26091e-12,8082.87,8083.09,9915.35,9926.51,0.744717,0.744279,0.760157,0.76054,6.73453e-05,6.73859e-05,7.46408e-05,7.46406e-05
4852.25,7.74595e-05,7.75393e-05,7.77962e-05,7.7811e-05,1.28164e-12,1.28173e-12,8010.9,8030.62,8449.98,8460.21,0.747564,0.747226,0.764455,0.764274,6.53035e-05,6.53759e-05,6.74647e-05,6.74761e-05
5453.59,7.81301e-05,7.82374e-05,7.21767e-05,7.22013e-05,1.29992e-12,1.30002e-12,7940.72,7974.01,7129.11,7136.28,0.749758,0.749607,0.769007,0.768424,6.27125e-05,6.28085e-05,6.01812e-05,6.02015e-05
6129.99,7.93504e-05,7.94793e-05,6.69815e-05,6.70142e-05,1.32741e-12,1.32752e-12,7914.59,7955.42,5979.28,5982.86,0.751844,0.751955,0.774164,0.773397,5.96012e-05,5.97099e-05,5.29255e-05,5.29528e-05
6889.9,8.14951e-05,8.16311e-05,6.23999e-05,6.24386e-05,1.36878e-12,1.36888e-12,7980.64,8022.34,5008.39,5008.41,0.753649,0.754084,0.779734,0.778972,5.60567e-05,5.61661e-05,4.58928e-05,4.59229e-05
7743.9,8.51541e-05,8.52854e-05,5.86667e-05,5.87059e-05,1.43674e-12,1.43685e-12,8186.51,8222.3,4206.74,4203.13,0.754622,0.755423,0.785175,0.784644,5.2144e-05,5.22429e-05,3.92092e-05,3.92387e-05
