ell_eff,1e12_Dl_yy_projected,1e12_Dl_yy_sphere,1e12_Dl_yy_classsz_1h,1e12_Dl_yy_classsz_tot,Dl_ksz_projected_uK2,Dl_ksz_sphere_uK2,Dl_ksz_classsz_1h_uK2,Dl_ksz_classsz_tot_uK2,yy_sphere_over_projected,ksz_sphere_over_projected,yy_projected_over_classsz,yy_sphere_over_classsz,ksz_projected_over_classsz,ksz_sphere_over_classsz,1e12_Dl_yy_poisson_projected,1e12_Dl_yy_poisson_sphere,Dl_ksz_poisson_projected_uK2,Dl_ksz_poisson_sphere_uK2
31.5192,0.0270446,0.026701,0.024104,0.0305489,0.00962787,0.00835724,0.0110429,0.026057,0.987297,0.868026,0.885287,0.874041,0.369493,0.320729,0.0563451,0.0570413,0.0167878,0.015102
35.5171,0.0262286,0.0259503,0.0281316,0.0352597,0.0121597,0.0107765,0.0125887,0.0294511,0.989387,0.886252,0.74387,0.735975,0.412876,0.365912,0.0640969,0.0646267,0.0187528,0.0171232
40.0244,0.0326118,0.0322594,0.0328831,0.0407382,0.0142703,0.0124891,0.0143415,0.0332097,0.989195,0.875184,0.800521,0.791871,0.429703,0.376069,0.0727336,0.0727694,0.0207254,0.0191754
45.0217,0.0366152,0.0362792,0.0383516,0.0469602,0.0159169,0.0138003,0.0162887,0.0372746,0.990822,0.867022,0.779707,0.772551,0.427016,0.370233,0.0822055,0.0815026,0.0226898,0.0212045
50.5283,0.0543963,0.0539757,0.044595,0.0539767,0.0197188,0.0174791,0.0184486,0.0416425,0.992269,0.886421,1.00777,0.999982,0.473525,0.419742,0.0923605,0.0909613,0.0246834,0.0232153
56.5254,0.060272,0.0597673,0.0515694,0.0617281,0.0208465,0.0185053,0.0208104,0.0462624,0.991626,0.887697,0.976411,0.968234,0.450613,0.400008,0.102581,0.100974,0.0267295,0.0252148
63.5407,0.0597356,0.0591627,0.0599198,0.070888,0.0244927,0.0217081,0.0236011,0.051464,0.990408,0.886311,0.842676,0.834594,0.475918,0.421812,0.113066,0.112042,0.0290468,0.0274063
71.5362,0.0806815,0.0799646,0.069524,0.0813809,0.0281918,0.0246967,0.0267944,0.0573107,0.991115,0.876025,0.991405,0.982596,0.491911,0.430926,0.123454,0.123441,0.0316705,0.0298016
80.5506,0.0845685,0.0838046,0.0804122,0.0931587,0.0323852,0.0284151,0.030444,0.0636029,0.990967,0.877412,0.907789,0.89959,0.509178,0.446758,0.134558,0.134932,0.0346876,0.0324826
91.0544,0.100409,0.0995811,0.0930377,0.106652,0.0374546,0.0328145,0.0347255,0.070711,0.991755,0.876113,0.94146,0.933697,0.529686,0.464065,0.14734,0.147093,0.0382456,0.0356414
102.558,0.121241,0.120242,0.106691,0.121184,0.0432999,0.0379358,0.0394601,0.0782692,0.991763,0.876119,1.00047,0.992232,0.553217,0.484684,0.159815,0.159204,0.0421618,0.0391589
115.06,0.134499,0.133521,0.121297,0.136602,0.0500586,0.0438258,0.0446541,0.0861691,0.99273,0.875491,0.984602,0.977445,0.580934,0.508603,0.171491,0.171125,0.0465837,0.0430732
129.072,0.151557,0.150643,0.137816,0.153908,0.0581627,0.0509739,0.0505406,0.0947314,0.993971,0.876402,0.984726,0.978789,0.613975,0.538089,0.184642,0.183898,0.0519639,0.0476789
145.082,0.169164,0.168289,0.155393,0.172231,0.0652174,0.0573287,0.0573208,0.104132,0.99483,0.87904,0.982196,0.977118,0.626293,0.550537,0.198952,0.198067,0.0582401,0.0531794
163.092,0.195901,0.194983,0.174855,0.192363,0.0749227,0.0659816,0.0650083,0.114255,0.995314,0.880662,1.01839,1.01362,0.655747,0.577492,0.213548,0.212931,0.0652213,0.0595146
183.609,0.217354,0.216403,0.19659,0.214786,0.0854132,0.0754538,0.073825,0.125308,0.995626,0.883397,1.01196,1.00753,0.681625,0.602145,0.230497,0.229562,0.0736293,0.0669996
206.616,0.241338,0.240221,0.220285,0.238901,0.0952993,0.0843319,0.0837638,0.137195,0.995373,0.884917,1.0102,1.00553,0.694625,0.614685,0.248568,0.247908,0.0832681,0.0756883
232.13,0.266621,0.265353,0.245846,0.264849,0.11149,0.0990181,0.0948234,0.149843,0.995246,0.888132,1.00669,1.0019,0.744049,0.660814,0.268453,0.26763,0.0940918,0.0855184
260.643,0.286294,0.285089,0.272688,0.291804,0.125676,0.111786,0.107197,0.163487,0.995791,0.889473,0.981115,0.976985,0.768723,0.683758,0.290033,0.289107,0.106143,0.0966463
293.174,0.314921,0.313643,0.304342,0.323862,0.139028,0.123952,0.121309,0.178735,0.995944,0.891565,0.972391,0.968447,0.777842,0.693497,0.314314,0.313306,0.119962,0.109437
329.682,0.340186,0.338928,0.337777,0.357326,0.155496,0.13916,0.137044,0.195001,0.996301,0.894942,0.952033,0.948511,0.797413,0.713638,0.340869,0.339935,0.135573,0.123843
370.208,0.373679,0.372573,0.373927,0.393513,0.177451,0.159342,0.154353,0.212614,0.997042,0.897947,0.949598,0.946788,0.834618,0.749443,0.369704,0.368782,0.152893,0.139809
416.24,0.406137,0.404902,0.41363,0.432992,0.194769,0.175334,0.173789,0.231908,0.996959,0.900211,0.937978,0.935126,0.839857,0.756049,0.401512,0.400652,0.17238,0.15784
468.269,0.439886,0.43882,0.456842,0.475923,0.21598,0.194937,0.195287,0.252911,0.997576,0.902573,0.924281,0.92204,0.853977,0.770776,0.436458,0.435607,0.194034,0.177986
526.294,0.478614,0.477528,0.502704,0.521416,0.240237,0.217706,0.218722,0.275402,0.997731,0.906214,0.917913,0.91583,0.872314,0.790503,0.47415,0.473281,0.2176,0.200034
591.335,0.523033,0.521998,0.552098,0.570282,0.263529,0.239661,0.244265,0.299594,0.998022,0.909431,0.917147,0.915333,0.87962,0.799954,0.514615,0.513828,0.243145,0.22407
664.881,0.559471,0.558547,0.604261,0.621883,0.292649,0.267309,0.272028,0.325715,0.998349,0.913411,0.89964,0.898155,0.898482,0.820684,0.558317,0.557575,0.27088,0.250294
747.422,0.608712,0.607823,0.659531,0.676417,0.32275,0.296095,0.301776,0.353417,0.99854,0.917414,0.899907,0.898593,0.913227,0.837807,0.604777,0.604067,0.300435,0.278429
839.976,0.655472,0.654693,0.717039,0.733168,0.351909,0.324056,0.333373,0.382687,0.998811,0.920853,0.894027,0.892964,0.919574,0.846793,0.65359,0.652941,0.33168,0.308326
944.544,0.712474,0.711722,0.776573,0.79183,0.383465,0.354629,0.366813,0.413369,0.998946,0.9248,0.899781,0.898832,0.927658,0.857898,0.704692,0.704109,0.364566,0.340017
1061.59,0.768041,0.767413,0.836914,0.851273,0.417285,0.387826,0.401453,0.445148,0.999182,0.929404,0.902226,0.901488,0.937408,0.871231,0.756975,0.756468,0.398402,0.372899
1193.18,0.817967,0.817436,0.897382,0.910777,0.451939,0.422237,0.437084,0.477634,0.999351,0.934277,0.898098,0.897515,0.946204,0.884017,0.809888,0.809477,0.432922,0.406763
1341.26,0.873247,0.872814,0.956946,0.969345,0.484131,0.454573,0.473152,0.510415,0.999504,0.938947,0.900863,0.900416,0.948504,0.890595,0.862426,0.862095,0.46745,0.441062
1507.36,0.929068,0.928711,1.01451,1.02589,0.515439,0.486532,0.508277,0.542171,0.999616,0.943917,0.905618,0.90527,0.950695,0.897377,0.913518,0.913229,0.501402,0.475193
1694.46,0.980268,0.979987,1.06877,1.07913,0.550499,0.52249,0.543932,0.574404,0.999714,0.949122,0.908384,0.908124,0.958382,0.909622,0.96188,0.961667,0.534125,0.508546
1904.58,1.03349,1.03326,1.11816,1.12752,0.581499,0.554897,0.577222,0.604289,0.999782,0.954253,0.916603,0.916403,0.962287,0.918265,1.00625,1.0061,0.564839,0.540386
2140.72,1.07904,1.07888,1.16137,1.16973,0.611838,0.587297,0.608026,0.631763,0.999854,0.95989,0.922463,0.922329,0.96846,0.929615,1.04519,1.04507,0.59251,0.569788
2406.37,1.12032,1.12023,1.197,1.20441,0.639998,0.617974,0.635066,0.655599,0.999921,0.965586,0.930187,0.930113,0.976204,0.942609,1.07747,1.07741,0.616416,0.595973
2704.53,1.15859,1.15855,1.22373,1.23022,0.665863,0.646752,0.657853,0.675363,0.999963,0.971298,0.941779,0.941744,0.985935,0.957636,1.10181,1.10179,0.635637,0.617974
3039.73,1.19221,1.1922,1.24026,1.24589,0.688492,0.672941,0.675206,0.689913,0.999991,0.977413,0.956919,0.956911,0.99794,0.975399,1.11716,1.11717,0.649427,0.634973
3416.94,1.21989,1.21991,1.24585,1.25067,0.710745,0.698734,0.686582,0.698733,1.00002,0.983101,0.975393,0.97541,1.01719,1,1.12278,1.12281,0.657184,0.646276
3840.68,1.2423,1.24236,1.2397,1.24378,0.727278,0.719236,0.691098,0.70097,1.00005,0.988943,0.998807,0.998855,1.03753,1.02606,1.11779,1.11786,0.658295,0.651072
4316.95,1.26083,1.26091,1.2215,1.22492,0.744009,0.739762,0.688234,0.696113,1.00006,0.994291,1.02931,1.02938,1.06881,1.0627,1.10225,1.10232,0.652739,0.649114
4852.25,1.28164,1.28173,1.19128,1.1941,0.75941,0.758775,0.677962,0.684139,1.00007,0.999165,1.0733,1.07338,1.11002,1.1091,1.07581,1.0759,0.640286,0.639964
5453.59,1.29992,1.30002,1.14958,1.15188,0.776143,0.778725,0.660149,0.664905,1.00008,1.00333,1.12852,1.12861,1.1673,1.17118,1.03924,1.03933,0.62146,0.623905
6129.99,1.32741,1.32752,1.09737,1.09921,0.799588,0.804648,0.635374,0.63897,1.00008,1.00633,1.2076,1.2077,1.25137,1.25929,0.992844,0.992938,0.596628,0.601049
6889.9,1.36878,1.36888,1.03589,1.03735,0.831556,0.838141,0.603931,0.606602,1.00008,1.00792,1.31949,1.31959,1.37084,1.3817,0.93803,0.938118,0.56688,0.57229
7743.9,1.43674,1.43685,0.966744,0.967883,0.882369,0.889332,0.56716,0.569113,1.00007,1.00789,1.48442,1.48453,1.55043,1.56266,0.875892,0.875969,0.532967,0.538385
