mass_Msun,z,r_over_R200,direct_y,interpolated_y,relative_error
1.0e12,0.01,0.003,8.580248894390851e-11,8.597599331225665e-11,0.0020221367757942144
1.0e12,0.01,0.01,8.254277301591118e-11,8.284732039891261e-11,0.003689570532634301
1.0e12,0.01,0.03,7.497840756766226e-11,7.53753911139651e-11,0.005294638272286489
1.0e12,0.01,0.1,5.5008156625024005e-11,5.574747573532437e-11,0.013440172433701214
1.0e12,0.01,0.3,2.5751594637472314e-11,2.8163093476326836e-11,0.09364464114954041
1.0e12,0.01,1.0,4.467896773348025e-12,6.9406318412359596e-12,0.5534449861595587
1.0e12,0.01,2.0,1.0332142609544438e-12,2.2704082006819696e-12,1.1974224383862584
1.0e12,0.01,4.0,1.8770373955831315e-13,5.989965208668898e-13,2.191180539484148
1.0e12,0.1,0.003,6.582552290943066e-11,6.582551063518469e-11,1.864663649042697e-7
1.0e12,0.1,0.01,6.336069072737692e-11,6.336066735020238e-11,3.68953909313241e-7
1.0e12,0.1,0.03,5.764198331579518e-11,5.764194352616261e-11,6.902890962168229e-7
1.0e12,0.1,0.1,4.246575853269458e-11,4.2465707008703724e-11,1.2133067355257765e-6
1.0e12,0.1,0.3,1.9939917008720165e-11,1.9939883051135783e-11,1.7029952715796881e-6
1.0e12,0.1,1.0,3.3828203939210353e-12,3.382801863662775e-12,5.47775409343032e-6
1.0e12,0.1,2.0,7.526671102677468e-13,7.526522862814364e-13,1.9695275784159527e-5
1.0e12,0.1,4.0,1.290473219029343e-13,1.2903964289881393e-13,5.9505334997544956e-5
1.0e12,0.5,0.003,2.8780034143197087e-11,2.8780034060369444e-11,2.877954985436304e-9
1.0e12,0.5,0.01,2.776005022012272e-11,2.7760050160294826e-11,2.155179590346279e-9
1.0e12,0.5,0.03,2.539673250363451e-11,2.5396732423956057e-11,3.1373506015341945e-9
1.0e12,0.5,0.1,1.9016043253611365e-11,1.901604326387375e-11,5.396698643522768e-10
1.0e12,0.5,0.3,9.08492231699336e-12,9.08492221699494e-12,1.1007074807167783e-8
1.0e12,0.5,1.0,1.445289554691333e-12,1.4452894837730963e-12,4.9068532015361654e-8
1.0e12,0.5,2.0,2.8144509056066896e-13,2.814450745613964e-13,5.684687032214697e-8
1.0e12,0.5,4.0,3.9018339656676586e-14,3.901833700314484e-14,6.800729535072492e-8
1.0e12,1.0,0.003,1.60598092573667e-11,1.605980926807925e-11,6.670408669862127e-10
1.0e12,1.0,0.01,1.5520505698905307e-11,1.552050572709322e-11,1.8161723236431726e-9
1.0e12,1.0,0.03,1.4273488401839086e-11,1.4273488511166039e-11,7.659441747520646e-9
1.0e12,1.0,0.1,1.086024995908068e-11,1.0860250043844638e-11,7.804973112257585e-9
1.0e12,1.0,0.3,5.3126763875254446e-12,5.3126763463054296e-12,7.758804043689338e-9
1.0e12,1.0,1.0,8.16422728965431e-13,8.164227143923947e-13,1.7849866029706618e-8
1.0e12,1.0,2.0,1.423644043662306e-13,1.4236440358053545e-13,5.518901780021679e-9
1.0e12,1.0,4.0,1.621647860994293e-14,1.6216478693363972e-14,5.144214165753169e-9
1.0e12,3.0,0.003,6.038432586404357e-12,6.038432590058079e-12,6.050779877142531e-10
1.0e12,3.0,0.01,5.861846666908553e-12,5.8618466738820535e-12,1.1896421625579023e-9
1.0e12,3.0,0.03,5.4565366614349026e-12,5.456536700060956e-12,7.078859054487907e-9
1.0e12,3.0,0.1,4.319643378029543e-12,4.3196434090173934e-12,7.173705851570844e-9
1.0e12,3.0,0.3,2.2825838888618474e-12,2.2825839099555706e-12,9.241160059403342e-9
1.0e12,3.0,1.0,3.5547410776645773e-13,3.554741023647934e-13,1.519566183993959e-8
1.0e12,3.0,2.0,5.123426227249934e-14,5.123426119160436e-14,2.109711227937794e-8
1.0e12,3.0,4.0,3.766199136534021e-15,3.7661990905449235e-15,1.2211010536056222e-8
1.0e12,5.0,0.003,3.7833787257632826e-12,3.783378726308338e-12,1.440658703444342e-10
1.0e12,5.0,0.01,3.681743003767577e-12,3.6817430108776805e-12,1.931178772451858e-9
1.0e12,5.0,0.03,3.449736626553284e-12,3.4497366345811473e-12,2.3270945170850155e-9
1.0e12,5.0,0.1,2.7928945692162744e-12,2.792894618413424e-12,1.7615111591595678e-8
1.0e12,5.0,0.3,1.554805636316475e-12,1.554805650862932e-12,9.35580413141679e-9
1.0e12,5.0,1.0,2.5788238338317573e-13,2.578823731382014e-13,3.972731366097548e-8
1.0e12,5.0,2.0,3.5339117032446845e-14,3.533911665053416e-14,1.0807080674801739e-8
1.0e12,5.0,4.0,2.111657415304941e-15,2.111657368977332e-15,2.1938979632984967e-8
1.0e13,0.01,0.003,2.445923975277466e-8,2.451260323197067e-8,0.00218173090150775
1.0e13,0.01,0.01,2.3422407663402736e-8,2.3513700502984623e-8,0.0038976710205813614
1.0e13,0.01,0.03,2.1009421062303646e-8,2.112254191267979e-8,0.0053842916490027815
1.0e13,0.01,0.1,1.4760833738750413e-8,1.497830281551284e-8,0.014732845082559454
1.0e13,0.01,0.3,6.221124311190668e-9,6.8997579696472795e-9,0.10908537179298494
1.0e13,0.01,1.0,8.584170389133542e-10,1.420601360570925e-9,0.6549081578916747
1.0e13,0.01,2.0,1.6538111727597115e-10,4.0409028913143073e-10,1.4433883129301033
1.0e13,0.01,4.0,2.4420843841688275e-11,9.039576460982565e-11,2.7015823530026046
1.0e13,0.1,0.003,1.878007667463421e-8,1.8780072913717628e-8,2.002609811313505e-7
1.0e13,0.1,0.01,1.799618373484561e-8,1.7996176507051645e-8,4.0162926051579007e-7
1.0e13,0.1,0.03,1.61718007779916e-8,1.61717888199588e-8,7.394373059410597e-7
1.0e13,0.1,0.1,1.1419233933928957e-8,1.1419219304977076e-8,1.2810799713269816e-6
1.0e13,0.1,0.3,4.831616690278917e-9,4.83160834118125e-9,1.7280132514896351e-6
1.0e13,0.1,1.0,6.506338551235489e-10,6.506298657240114e-10,6.131558488831068e-6
1.0e13,0.1,2.0,1.2014084090136106e-10,1.2013809907206295e-10,2.2821792136196173e-5
1.0e13,0.1,4.0,1.6647515542935998e-11,1.6646372468607e-11,6.866335856836603e-5
1.0e13,0.5,0.003,8.233056634600219e-9,8.233056614064176e-9,2.494339956804481e-9
1.0e13,0.5,0.01,7.908834695664571e-9,7.908834696166913e-9,6.351652537261998e-11
1.0e13,0.5,0.03,7.15472957093591e-9,7.154729586244046e-9,2.139582733207135e-9
1.0e13,0.5,0.1,5.150731763765368e-9,5.150731797009222e-9,6.45420006328834e-9
1.0e13,0.5,0.3,2.225990263352701e-9,2.2259902114732103e-9,2.330625237245698e-8
1.0e13,0.5,1.0,2.7959471450796663e-10,2.7959469624065614e-10,6.533496355043411e-8
1.0e13,0.5,2.0,4.45819004643636e-11,4.4581897937670564e-11,5.66753102226869e-8
1.0e13,0.5,4.0,4.890508592015195e-12,4.890508254501446e-12,6.901403848402765e-8
1.0e13,1.0,0.003,4.603883228241381e-9,4.6038832300943645e-9,4.024827138238152e-10
1.0e13,1.0,0.01,4.432537572225052e-9,4.432537572671396e-9,1.0069700628889677e-10
1.0e13,1.0,0.03,4.034597711876879e-9,4.034597726580469e-9,3.644375912159603e-9
1.0e13,1.0,0.1,2.9599341352716875e-9,2.9599341400931194e-9,1.6288983495371667e-9
1.0e13,1.0,0.3,1.3154702554545887e-9,1.315470250321887e-9,3.901799772165759e-9
1.0e13,1.0,1.0,1.592241679066346e-10,1.5922416663636926e-10,7.977842497730592e-9
1.0e13,1.0,2.0,2.2477466858959028e-11,2.2477466449510887e-11,1.821593798023713e-8
1.0e13,1.0,4.0,1.985987280350619e-12,1.985987283556479e-12,1.6142400749430408e-9
1.0e13,3.0,0.003,1.737850128165838e-9,1.7378501285837281e-9,2.4046387103737743e-10
1.0e13,3.0,0.01,1.6818117770684211e-9,1.6818117777010296e-9,3.7614711345668184e-10
1.0e13,3.0,0.03,1.552497000061224e-9,1.5524970032289984e-9,2.040438262795874e-9
1.0e13,3.0,0.1,1.192736847588808e-9,1.192736853012499e-9,4.5472652310252215e-9
1.0e13,3.0,0.3,5.796145176765719e-10,5.796145182077639e-10,9.164573544495624e-10
1.0e13,3.0,1.0,7.140945812753702e-11,7.14094569255075e-11,1.6832917504316924e-8
1.0e13,3.0,2.0,8.163717378952996e-12,8.163716971546411e-12,4.990454305353609e-8
1.0e13,3.0,4.0,4.445582096318046e-13,4.44558209497301e-13,3.0255564720249595e-10
1.0e13,5.0,0.003,1.0907390591794148e-9,1.0907390598519734e-9,6.166080979141952e-10
1.0e13,5.0,0.01,1.0585075743354234e-9,1.058507575492718e-9,1.0933265404133863e-9
1.0e13,5.0,0.03,9.845094945372062e-10,9.845095018091046e-10,7.386316225321821e-9
1.0e13,5.0,0.1,7.761717785670684e-10,7.761717842354067e-10,7.302943139109175e-9
1.0e13,5.0,0.3,4.0041536401152556e-10,4.004153717371077e-10,1.929392046129408e-8
1.0e13,5.0,1.0,5.299457236572518e-11,5.299457165449559e-11,1.3420800692998114e-8
1.0e13,5.0,2.0,5.726531271977554e-12,5.7265310748471526e-12,3.442405049902675e-8
1.0e13,5.0,4.0,2.4772840097929236e-13,2.4772839278424657e-13,3.308076812480465e-8
1.0e14,0.01,0.003,6.983986251238537e-6,7.000260815849073e-6,0.002330268706879357
1.0e14,0.01,0.01,6.653999685782349e-6,6.680978062346518e-6,0.004054460150007877
1.0e14,0.01,0.03,5.884583060395958e-6,5.915967502460129e-6,0.005333333176209765
1.0e14,0.01,0.1,3.937792446786659e-6,4.000779002890919e-6,0.015995397663901567
1.0e14,0.01,0.3,1.475669960674017e-6,1.6620701891871463e-6,0.12631566236395475
1.0e14,0.01,1.0,1.5797746638897255e-7,2.8002561845625677e-7,0.7725668404301214
1.0e14,0.01,2.0,2.488994225004553e-8,6.81453288232117e-8,1.7378660881821468
1.0e14,0.01,4.0,2.9269748432361782e-9,1.2678532466057815e-8,3.3316164795048024
1.0e14,0.1,0.003,5.366344416545739e-6,5.366343259813746e-6,2.1555306606302338e-7
1.0e14,0.1,0.01,5.116892207911702e-6,5.1168900008719495e-6,4.3132426141845315e-7
1.0e14,0.1,0.03,4.535085697091114e-6,4.535082081178873e-6,7.973194957600072e-7
1.0e14,0.1,0.1,3.0529672658152163e-6,3.0529632289153053e-6,1.3222873223028841e-6
1.0e14,0.1,0.3,1.14968499243594e-6,1.1496830526895993e-6,1.6871981052268836e-6
1.0e14,0.1,1.0,1.1984867656458345e-7,1.1984785322569905e-7,6.8698204102046745e-6
1.0e14,0.1,2.0,1.802053868173395e-8,1.8020064598088742e-8,2.6307961908389466e-5
1.0e14,0.1,4.0,1.9760951881306406e-9,1.9759394354790536e-9,7.881839524859213e-5
1.0e14,0.5,0.003,2.358232098280542e-6,2.3582320935146496e-6,2.0209598439180354e-9
1.0e14,0.5,0.01,2.2551084711667115e-6,2.2551084655386388e-6,2.495699313875832e-9
1.0e14,0.5,0.03,2.0145309648270235e-6,2.0145309755999824e-6,5.347626341745126e-9
1.0e14,0.5,0.1,1.3874841502782327e-6,1.3874841442493607e-6,4.345182547105253e-9
1.0e14,0.5,0.3,5.359452147814944e-7,5.35945198871982e-7,2.968496037869528e-8
1.0e14,0.5,1.0,5.178962799281914e-8,5.178962581608465e-8,4.203031711558225e-8
1.0e14,0.5,2.0,6.624196616485401e-9,6.624196147422411e-9,7.081054764768169e-8
1.0e14,0.5,4.0,5.617505959835019e-10,5.617505522927447e-10,7.777607635706119e-8
1.0e14,1.0,0.003,1.3212133947225723e-6,1.3212133948849775e-6,1.2292122875123823e-10
1.0e14,1.0,0.01,1.2667402792554998e-6,1.2667402833192673e-6,3.208050936009954e-9
1.0e14,1.0,0.03,1.1397608429239176e-6,1.1397608457150015e-6,2.448832914225818e-9
1.0e14,1.0,0.1,8.025387950185986e-7,8.02538807806494e-7,1.5934301877962298e-8
1.0e14,1.0,0.3,3.2030397160794475e-7,3.2030397053161194e-7,3.360347999858959e-9
1.0e14,1.0,1.0,2.9739088288949978e-8,2.9739086944049868e-8,4.5223313427378287e-8
1.0e14,1.0,2.0,3.3249748659275904e-9,3.3249748506150798e-9,4.605301140436779e-9
1.0e14,1.0,4.0,2.2215179404914719e-10,2.2215179470885436e-10,2.969623436044344e-9
1.0e14,3.0,0.003,5.005048890580035e-7,5.005048891784259e-7,2.406017607370359e-10
1.0e14,3.0,0.01,4.827105524028857e-7,4.827105537986194e-7,2.8914506344790425e-9
1.0e14,3.0,0.03,4.4144433274840057e-7,4.414443343765952e-7,3.688335192819636e-9
1.0e14,3.0,0.1,3.2788760860306434e-7,3.2788761554280453e-7,2.1164996866218644e-8
1.0e14,3.0,0.3,1.4503662351761674e-7,1.4503662436166606e-7,5.819559945052788e-9
1.0e14,3.0,1.0,1.3765025124340384e-8,1.3765024324913662e-8,5.807666281221202e-8
1.0e14,3.0,2.0,1.2177797185649877e-9,1.2177797095982583e-9,7.363178511354818e-9
1.0e14,3.0,4.0,4.764306354932483e-11,4.7643063077376446e-11,9.905920195230067e-9
1.0e14,5.0,0.003,3.146343328987122e-7,3.146343329632514e-7,2.0512436194053407e-10
1.0e14,5.0,0.01,3.0440668536664663e-7,3.044066855188053e-7,4.998532698863301e-10
1.0e14,5.0,0.03,2.80797619134623e-7,2.8079761961655874e-7,1.716309983024189e-9
1.0e14,5.0,0.1,2.1485350602002617e-7,2.148535073793846e-7,6.3269083305783624e-9
1.0e14,5.0,0.3,1.0175247897587233e-7,1.0175247918307623e-7,2.0363524200206484e-9
1.0e14,5.0,1.0,1.0470500682082909e-8,1.0470500485462188e-8,1.877854050036376e-8
1.0e14,5.0,2.0,8.695412454454226e-10,8.695411816714801e-10,7.334205576192687e-8
1.0e14,5.0,4.0,2.6336847433300487e-11,2.6336847406122858e-11,1.03192421274656e-9
1.0e15,0.01,0.003,0.001996958936076015,0.00200175637176348,0.002402370725204772
1.0e15,0.01,0.01,0.0018918761925880055,0.0018994464416080058,0.004001450543993812
1.0e15,0.01,0.03,0.0016466904294781504,0.0016545624816167693,0.004780529477610207
1.0e15,0.01,0.1,0.001043118231848535,0.0010600830548061066,0.016263566717176214
1.0e15,0.01,0.3,0.0003428051244484319,0.0003916084924063083,0.14236475617568534
1.0e15,0.01,1.0,2.7706232835692308e-5,5.242836500872119e-5,0.8922949691370823
1.0e15,0.01,2.0,3.49782599070549e-6,1.0643399901692255e-5,2.0428614602253403
1.0e15,0.01,4.0,3.203216780339574e-7,1.5967565646890049e-6,3.9848532715282925
1.0e15,0.1,0.003,0.0015354383478572676,0.0015354380005686654,2.26182055862445e-7
1.0e15,0.1,0.01,0.001456011295885587,0.0014560106401898204,4.503370052422184e-7
1.0e15,0.1,0.03,0.0012705765101197553,0.0012705754688549465,8.195215325246252e-7
1.0e15,0.1,0.1,0.0008105682945145625,0.0008105672381010448,1.303299826505011e-6
1.0e15,0.1,0.3,0.00026796669058435686,0.00026796627632406683,1.5459394938632798e-6
1.0e15,0.1,1.0,2.1035484732937154e-5,2.103532900790149e-5,7.402968728364989e-6
1.0e15,0.1,2.0,2.5223633539819036e-6,2.5222884767959332e-6,2.9685328980066927e-5
1.0e15,0.1,4.0,2.1390259160954376e-7,2.138835518991002e-7,8.901112557968549e-5
1.0e15,0.5,0.003,0.0006762108072809385,0.0006762108052942104,2.9380305965887032e-9
1.0e15,0.5,0.01,0.0006433911712768666,0.0006433911704363624,1.3063657933187756e-9
1.0e15,0.5,0.03,0.0005666714292956356,0.0005666714272144163,3.6727091368149445e-9
1.0e15,0.5,0.1,0.000371314310112576,0.00037131431103250566,2.4774957640971706e-9
1.0e15,0.5,0.3,0.0001264941058095045,0.0001264941039291996,1.4864762865052228e-8
1.0e15,0.5,1.0,9.138755336042038e-6,9.138754680481073e-6,7.173416294303792e-8
1.0e15,0.5,2.0,9.166917030381212e-7,9.166916318790005e-7,7.762601150762549e-8
1.0e15,0.5,4.0,5.858171167087211e-8,5.85817060692274e-8,9.562104874571986e-8
1.0e15,1.0,0.003,0.00037950298408721903,0.0003795029844834085,1.0439693554076257e-9
1.0e15,1.0,0.01,0.0003621746480436393,0.00036217464891130944,2.3957229533522195e-9
1.0e15,1.0,0.03,0.000321666271266243,0.0003216662749165037,1.134797478208327e-8
1.0e15,1.0,0.1,0.0002162603880326228,0.0002162603898663792,8.479390967153222e-9
1.0e15,1.0,0.3,7.651929448130439e-5,7.651929337962827e-5,1.4397363856666345e-8
1.0e15,1.0,1.0,5.292732952642612e-6,5.292732853810593e-6,1.8673154245085755e-8
1.0e15,1.0,2.0,4.574885854484238e-7,4.5748858157078876e-7,8.475916524197658e-9
1.0e15,1.0,4.0,2.247782074430783e-8,2.247782093914381e-8,8.667921269633894e-9
1.0e15,3.0,0.003,0.00014423306023280622,0.00014423306036148405,8.921521299498636e-10
1.0e15,3.0,0.01,0.00013857916475359583,0.00013857916495565905,1.458106746454746e-9
1.0e15,3.0,0.03,0.00012540961440883557,0.00012540961569186177,1.023068452177256e-8
1.0e15,3.0,0.1,8.967237046807957e-5,8.967237114131616e-5,7.50773709867758e-9
1.0e15,3.0,0.3,3.5693841593952024e-5,3.569384190713111e-5,8.774037052461381e-9
1.0e15,3.0,1.0,2.533835306986868e-6,2.5338352685605963e-6,1.516526026978937e-8
1.0e15,3.0,2.0,1.6881455940038721e-7,1.6881455385231866e-7,3.286487004761085e-8
1.0e15,3.0,4.0,4.5877513782167665e-9,4.5877513255932415e-9,1.1470439598149085e-8
1.0e15,5.0,0.003,9.080242758901913e-5,9.080242761457893e-5,2.8148816610951144e-10
1.0e15,5.0,0.01,8.755501296050631e-5,8.755501321958946e-5,2.9590898620313055e-9
1.0e15,5.0,0.03,8.002095087768838e-5,8.002095122368079e-5,4.323772895276079e-9
1.0e15,5.0,0.1,5.9199718731986484e-5,5.919972018111312e-5,2.4478606919231538e-8
1.0e15,5.0,0.3,2.546887899045078e-5,2.5468879339371077e-5,1.3699868794958547e-8
1.0e15,5.0,1.0,1.9798311189412985e-6,1.9798310046767047e-6,5.771431343948308e-8
1.0e15,5.0,2.0,1.2282484098593758e-7,1.2282483998963043e-7,8.111609495209393e-9
1.0e15,5.0,4.0,2.5104882048797758e-9,2.5104881300486186e-9,2.980741231617401e-8
5.011872336272715e15,0.01,0.003,0.10472786368984659,0.10496814742479108,0.002294362994514021
5.011872336272715e15,0.01,0.01,0.09878775661680986,0.09914027368293514,0.0035684287020776306
5.011872336272715e15,0.01,0.03,0.08493271013081542,0.08522716935464372,0.0034669707745669243
5.011872336272715e15,0.01,0.1,0.05156725421954531,0.052291882165522226,0.014052094821489725
5.011872336272715e15,0.01,0.3,0.015319696184266308,0.017567581358438097,0.14673170715228823
5.011872336272715e15,0.01,1.0,0.0009991549939656818,0.0019413203942209027,0.94296220901197
5.011872336272715e15,0.01,2.0,0.0001066059770541663,0.0003371345750516509,2.162435956854027
5.011872336272715e15,0.01,4.0,8.077151819252366e-6,4.195320156709222e-5,4.194058810073904
5.011872336272715e15,0.1,0.003,0.0805583667949234,0.08055834857302303,2.2619500728016106e-7
5.011872336272715e15,0.1,0.01,0.07606888674669236,0.0760688524432759,4.509519980766541e-7
5.011872336272715e15,0.1,0.03,0.06558856711395729,0.06558851462825703,8.002263590656256e-7
5.011872336272715e15,0.1,0.1,0.0401378697786705,0.04013782204874199,1.1891495181881595e-6
5.011872336272715e15,0.1,0.3,0.012004640993048644,0.012004627045998816,1.1618048249006918e-6
5.011872336272715e15,0.1,1.0,0.0007589360491482289,0.0007589306325250985,7.1371272144515885e-6
5.011872336272715e15,0.1,2.0,7.663036876070364e-5,7.66279928231096e-5,3.100516978415957e-5
5.011872336272715e15,0.1,4.0,5.348047589380509e-6,5.3475436317894775e-6,9.423206929426442e-5
5.011872336272715e15,0.5,0.003,0.03552774479893541,0.03552774473747075,1.730046772507876e-9
5.011872336272715e15,0.5,0.01,0.03367325112571744,0.03367325110122328,7.274069124818539e-10
5.011872336272715e15,0.5,0.03,0.029335039132245146,0.029335039385649467,8.638281423500871e-9
5.011872336272715e15,0.5,0.1,0.018494701586353798,0.018494701582601282,2.0289681046392616e-10
5.011872336272715e15,0.5,0.3,0.0057198496754335935,0.005719849443128222,4.061389446974317e-8
5.011872336272715e15,0.5,1.0,0.0003309121205361581,0.00033091209995506695,6.219503567717055e-8
5.011872336272715e15,0.5,2.0,2.7593327246417656e-5,2.759332497588643e-5,8.228551795497197e-8
5.011872336272715e15,0.5,4.0,1.4228660511132603e-6,1.4228659212384441e-6,9.127690980825776e-8
5.011872336272715e15,1.0,0.003,0.019961098670354033,0.019961098669755435,2.9988234118150103e-11
5.011872336272715e15,1.0,0.01,0.018982255448877553,0.01898225550292947,2.8474969049341325e-9
5.011872336272715e15,1.0,0.03,0.016690835714543606,0.016690835716683176,1.281883488246649e-10
5.011872336272715e15,1.0,0.1,0.010826934521930027,0.010826934678438512,1.4455475261243578e-8
5.011872336272715e15,1.0,0.3,0.003491564389462157,0.003491564387797637,4.767262140603634e-10
5.011872336272715e15,1.0,1.0,0.00019282824612587462,0.00019282823762204192,4.410055509662669e-8
5.011872336272715e15,1.0,2.0,1.3703900319726804e-5,1.3703900156840489e-5,1.1886128081783909e-8
5.011872336272715e15,1.0,4.0,5.332566032261925e-7,5.332566036159461e-7,7.308931238014793e-10
5.011872336272715e15,3.0,0.003,0.007602492607356354,0.007602492607624658,3.529154746217955e-11
5.011872336272715e15,3.0,0.01,0.007283372509482177,0.007283372530675077,2.909764873493259e-9
5.011872336272715e15,3.0,0.03,0.006538062047068615,0.006538062053804495,1.0302563246966656e-9
5.011872336272715e15,3.0,0.1,0.004539244595467963,0.004539244694321587,2.1777549541468488e-8
5.011872336272715e15,3.0,0.3,0.0016656332538426326,0.001665633257908615,2.441103097439168e-9
5.011872336272715e15,3.0,1.0,9.465400682975598e-5,9.465400078207298e-5,6.389251971938847e-8
5.011872336272715e15,3.0,2.0,5.08020914100233e-6,5.080208995582792e-6,2.8624714820679742e-8
5.011872336272715e15,3.0,4.0,1.046703800310511e-7,1.0467037948661084e-7,5.201474029270514e-9
5.011872336272715e15,5.0,0.003,0.004790767844990368,0.004790767847646967,5.545246484217614e-10
5.011872336272715e15,5.0,0.01,0.00460756538827233,0.004607565388286863,3.1541436129600697e-12
5.011872336272715e15,5.0,0.03,0.0041811623420178155,0.004181162365793,5.686261905779588e-9
5.011872336272715e15,5.0,0.1,0.003013567970877988,0.0030135679730736373,7.285880787577526e-10
5.011872336272715e15,5.0,0.3,0.0012038566311280852,0.0012038566426655875,9.583784210676072e-9
5.011872336272715e15,5.0,1.0,7.546822538145607e-5,7.546822506072513e-5,4.249880447559917e-9
5.011872336272715e15,5.0,2.0,3.7474849932843856e-6,3.747484666202156e-6,8.728046418937652e-8
5.011872336272715e15,5.0,4.0,5.679101363955859e-8,5.6791012974996186e-8,1.1701893676274722e-8
