model,ell,clean_masked_dl,noisy_cross_dl,unmasked_beamed_dl,noise_noise_dl,signal_noise_dl
HalfDome,198.01805,7.715273e-14,7.700462e-14,2.2936408e-13,-1.2410119e-15,1.0929031e-15
HalfDome,388.2717,1.4259988e-13,1.4226378e-13,3.878123e-13,-1.3155491e-16,-2.0454776e-16
HalfDome,585.247,1.9509992e-13,1.936432e-13,5.124029e-13,-3.2807852e-16,-1.128642e-15
HalfDome,783.7734,2.378932e-13,2.3673237e-13,6.116056e-13,-2.239649e-15,1.0788208e-15
HalfDome,982.90125,2.7330048e-13,2.8160793e-13,6.9685376e-13,8.8262925e-15,-5.188373e-16
HalfDome,1182.3248,2.9646617e-13,3.0387853e-13,7.566233e-13,6.106869e-15,1.3054959e-15
HalfDome,1381.9154,3.1391589e-13,3.0720123e-13,7.96118e-13,-4.5669763e-15,-2.1476774e-15
HalfDome,1581.6096,3.223384e-13,3.1516928e-13,8.187578e-13,-4.6952082e-15,-2.473916e-15
HalfDome,1781.3726,3.262533e-13,3.2999723e-13,8.293057e-13,4.79132e-15,-1.04738e-15
HalfDome,1981.1835,3.2307815e-13,3.201453e-13,8.2161307e-13,-7.2033365e-16,-2.2125144e-15
HalfDome,2181.029,3.1740113e-13,3.1636274e-13,8.064028e-13,1.9284422e-15,-2.9668369e-15
HalfDome,2380.9006,3.0601113e-13,3.0468672e-13,7.7969396e-13,-6.1027686e-16,-7.141303e-16
HalfDome,2580.792,2.94046e-13,2.9323904e-13,7.491773e-13,-2.4611122e-16,-5.6086043e-16
HalfDome,2780.699,2.7900623e-13,2.8018443e-13,7.1016804e-13,8.961891e-16,2.8201337e-16
HalfDome,2980.6187,2.638882e-13,2.6476152e-13,6.7045544e-13,-8.1512733e-16,1.6884522e-15
HalfDome,3180.548,2.4506748e-13,2.4520146e-13,6.2532585e-13,1.1555941e-15,-1.0216138e-15
HalfDome,3380.486,2.2746843e-13,2.2531319e-13,5.7956504e-13,-4.917838e-16,-1.6634611e-15
HalfDome,3580.4312,2.0884791e-13,2.0894645e-13,5.341231e-13,3.84624e-16,-2.8608358e-16
HalfDome,3780.3818,1.9165075e-13,1.9003955e-13,4.877261e-13,-1.2182494e-15,-3.9294282e-16
HalfDome,3980.3374,1.7350016e-13,1.7526189e-13,4.433327e-13,8.609511e-16,9.007826e-16
HalfDome,4180.2974,1.5691517e-13,1.5635369e-13,4.0001292e-13,8.223574e-16,-1.3838386e-15
HalfDome,4380.261,1.408274e-13,1.4110543e-13,3.5891968e-13,-5.3879183e-17,3.3190928e-16
HalfDome,4580.228,1.2595536e-13,1.2154618e-13,3.207002e-13,-3.4375945e-15,-9.715847e-16
HalfDome,4780.1973,1.1154694e-13,1.1161644e-13,2.8487661e-13,-2.5277372e-16,3.2227108e-16
HalfDome,4980.1694,9.85424e-14,9.848891e-14,2.5134837e-13,-9.507136e-16,8.972285e-16
HalfDome,5180.1436,8.6530026e-14,8.8355254e-14,2.2069083e-13,1.498288e-15,3.2693926e-16
HalfDome,5380.1196,7.5554675e-14,7.9015983e-14,1.92434e-13,3.9646936e-15,-5.033849e-16
HalfDome,5580.097,6.553625e-14,6.0784e-14,1.6703297e-13,-4.518666e-15,-2.3358204e-16
HalfDome,5780.0767,5.678169e-14,6.262301e-14,1.4446319e-13,5.9194135e-15,-7.8094744e-17
HalfDome,5980.0576,4.8891057e-14,4.7162673e-14,1.2442895e-13,-2.7153403e-15,9.86956e-16
HalfDome,6180.0396,4.174846e-14,4.5641527e-14,1.06474976e-13,5.0465202e-15,-1.1534552e-15
HalfDome,6380.0225,3.558384e-14,4.1661607e-14,9.06534e-14,6.718932e-15,-6.411658e-16
HalfDome,6580.0063,3.0145713e-14,3.259953e-14,7.684416e-14,1.995427e-15,4.583901e-16
HalfDome,6779.9917,2.5515651e-14,2.5260865e-14,6.492253e-14,4.380575e-16,-6.928433e-16
HalfDome,6979.9775,2.1415083e-14,3.6233952e-14,5.4548146e-14,1.4362599e-14,4.5626954e-16
HalfDome,7179.9644,1.7919272e-14,1.9843454e-14,4.5602143e-14,2.0155132e-15,-9.133048e-17
HalfDome,7379.9517,1.4880909e-14,1.4825303e-14,3.7924193e-14,2.1113821e-16,-2.6674423e-16
HalfDome,7579.94,1.23604376e-14,1.3571636e-14,3.1471553e-14,8.607951e-16,3.5040355e-16
HalfDome,7779.928,1.0191623e-14,-1.481024e-15,2.5971997e-14,-1.2249817e-14,5.771691e-16
HalfDome,7929.605,8.822048e-15,2.9909797e-14,2.2452268e-14,2.155462e-14,-4.66871e-16
L1_m9,198.01805,9.657631e-14,9.534158e-14,3.0100694e-13,-1.2410119e-15,6.281808e-18
L1_m9,388.2717,1.8113038e-13,1.8100205e-13,4.8034683e-13,-1.3155491e-16,3.2260309e-18
L1_m9,585.247,2.5046875e-13,2.4953311e-13,6.3268054e-13,-3.2807852e-16,-6.0756085e-16
L1_m9,783.7734,3.054608e-13,3.002516e-13,7.711505e-13,-2.239649e-15,-2.969536e-15
L1_m9,982.90125,3.5074016e-13,3.6112004e-13,8.874839e-13,8.8262925e-15,1.553588e-15
L1_m9,1182.3248,3.8282932e-13,3.9000818e-13,9.741539e-13,6.106869e-15,1.0719858e-15
L1_m9,1381.9154,4.052326e-13,3.9911938e-13,1.036881e-12,-4.5669763e-15,-1.5462434e-15
L1_m9,1581.6096,4.2087397e-13,4.1614124e-13,1.0684509e-12,-4.6952082e-15,-3.7523983e-17
L1_m9,1781.3726,4.2498394e-13,4.308395e-13,1.0825659e-12,4.79132e-15,1.0642393e-15
L1_m9,1981.1835,4.2319414e-13,4.2341838e-13,1.0748365e-12,-7.2033365e-16,9.445738e-16
L1_m9,2181.029,4.1562308e-13,4.1251968e-13,1.0567083e-12,1.9284422e-15,-5.0318356e-15
L1_m9,2380.9006,4.0087752e-13,3.9924962e-13,1.0180354e-12,-6.1027686e-16,-1.0176256e-15
L1_m9,2580.792,3.833612e-13,3.8148258e-13,9.77949e-13,-2.4611122e-16,-1.632513e-15
L1_m9,2780.699,3.6439078e-13,3.6736564e-13,9.260456e-13,8.961891e-16,2.0786718e-15
L1_m9,2980.6187,3.4040292e-13,3.4057989e-13,8.675506e-13,-8.1512733e-16,9.920962e-16
L1_m9,3180.548,3.153235e-13,3.178129e-13,8.0404493e-13,1.1555941e-15,1.3337883e-15
L1_m9,3380.486,2.9284097e-13,2.917897e-13,7.448585e-13,-4.917838e-16,-5.5948575e-16
L1_m9,3580.4312,2.6669018e-13,2.671165e-13,6.7692846e-13,3.84624e-16,4.168429e-17
L1_m9,3780.3818,2.4106086e-13,2.3933007e-13,6.1351504e-13,-1.2182494e-15,-5.1254387e-16
L1_m9,3980.3374,2.166858e-13,2.1593803e-13,5.52231e-13,8.609511e-16,-1.6087253e-15
L1_m9,4180.2974,1.9357538e-13,1.9356135e-13,4.9233485e-13,8.223574e-16,-8.3638426e-16
L1_m9,4380.261,1.716524e-13,1.7211242e-13,4.3682828e-13,-5.3879183e-17,5.138926e-16
L1_m9,4580.228,1.5065754e-13,1.4753202e-13,3.8389826e-13,-3.4375945e-15,3.1208357e-16
L1_m9,4780.1973,1.3204623e-13,1.3104055e-13,3.3576706e-13,-2.5277372e-16,-7.5290514e-16
L1_m9,4980.1694,1.1456983e-13,1.1416992e-13,2.9161984e-13,-9.507136e-16,5.508056e-16
L1_m9,5180.1436,9.880354e-14,1.0009677e-13,2.5158093e-13,1.498288e-15,-2.0505842e-16
L1_m9,5380.1196,8.489896e-14,8.8788474e-14,2.1589101e-13,3.9646936e-15,-7.5179256e-17
L1_m9,5580.097,7.216563e-14,6.851005e-14,1.8393652e-13,-4.518666e-15,8.6308846e-16
L1_m9,5780.0767,6.1191354e-14,6.631189e-14,1.5543076e-13,5.9194135e-15,-7.9887574e-16
L1_m9,5980.0576,5.1525492e-14,4.8258205e-14,1.3115714e-13,-2.7153403e-15,-5.51947e-16
L1_m9,6180.0396,4.301387e-14,4.781336e-14,1.0965284e-13,5.0465202e-15,-2.4703165e-16
L1_m9,6380.0225,3.5839407e-14,4.2439966e-14,9.129547e-14,6.718932e-15,-1.183737e-16
L1_m9,6580.0063,2.964214e-14,3.1768862e-14,7.5455375e-14,1.995427e-15,1.3129307e-16
L1_m9,6779.9917,2.4377893e-14,2.4778302e-14,6.200684e-14,4.380575e-16,-3.7648073e-17
L1_m9,6979.9775,1.9927551e-14,3.5443697e-14,5.066281e-14,1.4362599e-14,1.1535471e-15
L1_m9,7179.9644,1.6165617e-14,1.8708796e-14,4.1090744e-14,2.0155132e-15,5.2766595e-16
L1_m9,7379.9517,1.3093328e-14,1.3162562e-14,3.3253128e-14,2.1113821e-16,-1.4190428e-16
L1_m9,7579.94,1.0503064e-14,1.1820162e-14,2.6720816e-14,8.607951e-16,4.56303e-16
L1_m9,7779.928,8.396722e-15,-3.0072206e-15,2.1354881e-14,-1.2249817e-14,8.4587336e-16
L1_m9,7929.605,7.0690126e-15,2.9830833e-14,1.797953e-14,2.155462e-14,1.2072015e-15
fgas-8sigma,198.01805,8.843704e-14,8.7398926e-14,2.724425e-13,-1.2410119e-15,2.028951e-16
fgas-8sigma,388.2717,1.6029387e-13,1.6004847e-13,4.2206072e-13,-1.3155491e-16,-1.138407e-16
fgas-8sigma,585.247,2.1833921e-13,2.17854e-13,5.513776e-13,-3.2807852e-16,-1.5712906e-16
fgas-8sigma,783.7734,2.6280177e-13,2.5744215e-13,6.6364573e-13,-2.239649e-15,-3.119969e-15
fgas-8sigma,982.90125,2.971498e-13,3.0721126e-13,7.505548e-13,8.8262925e-15,1.2351578e-15
fgas-8sigma,1182.3248,3.1849003e-13,3.25486e-13,8.09693e-13,6.106869e-15,8.89108e-16
fgas-8sigma,1381.9154,3.306813e-13,3.242274e-13,8.455698e-13,-4.5669763e-15,-1.8869268e-15
fgas-8sigma,1581.6096,3.3713798e-13,3.3248008e-13,8.5617234e-13,-4.6952082e-15,3.7313072e-17
fgas-8sigma,1781.3726,3.341423e-13,3.4051028e-13,8.516748e-13,4.79132e-15,1.5766604e-15
fgas-8sigma,1981.1835,3.2663626e-13,3.26639e-13,8.297772e-13,-7.2033365e-16,7.2307126e-16
fgas-8sigma,2181.029,3.1526181e-13,3.124208e-13,8.0202067e-13,1.9284422e-15,-4.7694587e-15
fgas-8sigma,2380.9006,2.9909026e-13,2.9760816e-13,7.5994316e-13,-6.1027686e-16,-8.718275e-16
fgas-8sigma,2580.792,2.8108296e-13,2.7910505e-13,7.1722294e-13,-2.4611122e-16,-1.7317988e-15
fgas-8sigma,2780.699,2.6248873e-13,2.6510323e-13,6.6793007e-13,8.961891e-16,1.7183102e-15
fgas-8sigma,2980.6187,2.412285e-13,2.4154414e-13,6.1519057e-13,-8.1512733e-16,1.1307657e-15
fgas-8sigma,3180.548,2.2001991e-13,2.222367e-13,5.6114493e-13,1.1555941e-15,1.0611927e-15
fgas-8sigma,3380.486,2.0074864e-13,1.9961944e-13,5.1113654e-13,-4.917838e-16,-6.374128e-16
fgas-8sigma,3580.4312,1.7973326e-13,1.8012211e-13,4.56961e-13,3.84624e-16,4.2251062e-18
fgas-8sigma,3780.3818,1.6012089e-13,1.5832743e-13,4.0757686e-13,-1.2182494e-15,-5.7521076e-16
fgas-8sigma,3980.3374,1.4179394e-13,1.4139858e-13,3.615177e-13,8.609511e-16,-1.2563054e-15
fgas-8sigma,4180.2974,1.2472807e-13,1.2511322e-13,3.1753875e-13,8.223574e-16,-4.3720813e-16
fgas-8sigma,4380.261,1.0888632e-13,1.0933039e-13,2.7737263e-13,-5.3879183e-17,4.9794806e-16
fgas-8sigma,4580.228,9.419356e-14,9.1029824e-14,2.4034274e-13,-3.4375945e-15,2.7385867e-16
fgas-8sigma,4780.1973,8.133759e-14,8.0424166e-14,2.0703994e-13,-2.5277372e-16,-6.606531e-16
fgas-8sigma,4980.1694,6.964938e-14,6.895962e-14,1.7734573e-13,-9.507136e-16,2.6095772e-16
fgas-8sigma,5180.1436,5.91615e-14,6.066556e-14,1.5081258e-13,1.498288e-15,5.7714707e-18
fgas-8sigma,5380.1196,5.0145208e-14,5.388988e-14,1.2764177e-13,3.9646936e-15,-2.2002189e-16
fgas-8sigma,5580.097,4.20453e-14,3.8089405e-14,1.0727023e-13,-4.518666e-15,5.6277123e-16
fgas-8sigma,5780.0767,3.5180206e-14,4.041399e-14,8.941583e-14,5.9194135e-15,-6.856308e-16
fgas-8sigma,5980.0576,2.919e-14,2.6134312e-14,7.438553e-14,-2.7153403e-15,-3.403463e-16
fgas-8sigma,6180.0396,2.405174e-14,2.894823e-14,6.137664e-14,5.0465202e-15,-1.5003113e-16
fgas-8sigma,6380.0225,1.9794506e-14,2.638319e-14,5.0450363e-14,6.718932e-15,-1.3024741e-16
fgas-8sigma,6580.0063,1.6155766e-14,1.824725e-14,4.1161512e-14,1.995427e-15,9.60565e-17
fgas-8sigma,6779.9917,1.3134537e-14,1.36438695e-14,3.3419844e-14,4.380575e-16,7.127528e-17
fgas-8sigma,6979.9775,1.0598638e-14,2.5882181e-14,2.696529e-14,1.4362599e-14,9.20945e-16
fgas-8sigma,7179.9644,8.4954965e-15,1.09505165e-14,2.1600514e-14,2.0155132e-15,4.3950676e-16
fgas-8sigma,7379.9517,6.791382e-15,6.9791678e-15,1.727112e-14,2.1113821e-16,-2.3352275e-17
fgas-8sigma,7579.94,5.3926937e-15,6.567115e-15,1.37188345e-14,8.607951e-16,3.1362623e-16
fgas-8sigma,7779.928,4.2610623e-15,-7.411242e-15,1.083695e-14,-1.2249817e-14,5.77513e-16
fgas-8sigma,7929.605,3.5532825e-15,2.607446e-14,9.039853e-15,2.155462e-14,9.665561e-16
Mstar-1sigma,198.01805,9.968929e-14,9.846981e-14,3.1337584e-13,-1.2410119e-15,2.1528401e-17
Mstar-1sigma,388.2717,1.8640383e-13,1.8629653e-13,4.9739824e-13,-1.3155491e-16,2.4259553e-17
Mstar-1sigma,585.247,2.5843932e-13,2.5750997e-13,6.5332136e-13,-3.2807852e-16,-6.012725e-16
Mstar-1sigma,783.7734,3.1538194e-13,3.1016753e-13,7.9589655e-13,-2.239649e-15,-2.9747672e-15
Mstar-1sigma,982.90125,3.6201397e-13,3.7235064e-13,9.154924e-13,8.8262925e-15,1.5103826e-15
Mstar-1sigma,1182.3248,3.9461086e-13,4.016164e-13,1.0034757e-12,6.106869e-15,8.986761e-16
Mstar-1sigma,1381.9154,4.170234e-13,4.1103544e-13,1.0661884e-12,-4.5669763e-15,-1.4209909e-15
Mstar-1sigma,1581.6096,4.3238313e-13,4.278475e-13,1.0973559e-12,-4.6952082e-15,1.5958397e-16
Mstar-1sigma,1781.3726,4.359796e-13,4.4214955e-13,1.1099695e-12,4.79132e-15,1.3786308e-15
Mstar-1sigma,1981.1835,4.3316056e-13,4.3344497e-13,1.1003925e-12,-7.2033365e-16,1.004747e-15
Mstar-1sigma,2181.029,4.2463404e-13,4.2131197e-13,1.0801191e-12,1.9284422e-15,-5.2505192e-15
Mstar-1sigma,2380.9006,4.0890072e-13,4.072973e-13,1.0390237e-12,-6.1027686e-16,-9.931497e-16
Mstar-1sigma,2580.792,3.9051797e-13,3.88439e-13,9.965931e-13,-2.4611122e-16,-1.8328465e-15
Mstar-1sigma,2780.699,3.705012e-13,3.7369557e-13,9.42042e-13,8.961891e-16,2.2981685e-15
Mstar-1sigma,2980.6187,3.4549734e-13,3.456738e-13,8.811366e-13,-8.1512733e-16,9.915812e-16
Mstar-1sigma,3180.548,3.1956076e-13,3.2203892e-13,8.1521373e-13,1.1555941e-15,1.3225668e-15
Mstar-1sigma,3380.486,2.9631698e-13,2.9520844e-13,7.539193e-13,-4.917838e-16,-6.1675873e-16
Mstar-1sigma,3580.4312,2.692901e-13,2.6977563e-13,6.839641e-13,3.84624e-16,1.00908835e-16
Mstar-1sigma,3780.3818,2.43035e-13,2.411762e-13,6.188088e-13,-1.2182494e-15,-6.4056104e-16
Mstar-1sigma,3980.3374,2.1816753e-13,2.1734323e-13,5.5604403e-13,8.609511e-16,-1.6852429e-15
Mstar-1sigma,4180.2974,1.9451807e-13,1.9457762e-13,4.9493813e-13,8.223574e-16,-7.628076e-16
Mstar-1sigma,4380.261,1.721338e-13,1.7260268e-13,4.3826872e-13,-5.3879183e-17,5.2275597e-16
Mstar-1sigma,4580.228,1.5082128e-13,1.4766201e-13,3.8458895e-13,-3.4375945e-15,2.7832423e-16
Mstar-1sigma,4780.1973,1.3193485e-13,1.3085659e-13,3.3568295e-13,-2.5277372e-16,-8.254925e-16
Mstar-1sigma,4980.1694,1.1433038e-13,1.1404815e-13,2.9110275e-13,-9.507136e-16,6.684822e-16
Mstar-1sigma,5180.1436,9.840295e-14,9.976499e-14,2.5064778e-13,1.498288e-15,-1.3624546e-16
Mstar-1sigma,5380.1196,8.4412796e-14,8.8319366e-14,2.1470251e-13,3.9646936e-15,-5.81234e-17
Mstar-1sigma,5580.097,7.1597364e-14,6.784912e-14,1.8255288e-13,-4.518666e-15,7.7042305e-16
Mstar-1sigma,5780.0767,6.0610506e-14,6.5635756e-14,1.5397751e-13,5.9194135e-15,-8.941636e-16
Mstar-1sigma,5980.0576,5.0906517e-14,4.7711858e-14,1.2965856e-13,-2.7153403e-15,-4.79319e-16
Mstar-1sigma,6180.0396,4.2428565e-14,4.7278967e-14,1.08197387e-13,5.0465202e-15,-1.961182e-16
Mstar-1sigma,6380.0225,3.5280156e-14,4.1851078e-14,8.990983e-14,6.718932e-15,-1.4800969e-16
Mstar-1sigma,6580.0063,2.912434e-14,3.126721e-14,7.416599e-14,1.995427e-15,1.474443e-16
Mstar-1sigma,6779.9917,2.3901006e-14,2.4319266e-14,6.083616e-14,4.380575e-16,-1.9797701e-17
Mstar-1sigma,6979.9775,1.9502124e-14,3.5028492e-14,4.9609974e-14,1.4362599e-14,1.1637691e-15
Mstar-1sigma,7179.9644,1.5786461e-14,1.831408e-14,4.0149067e-14,2.0155132e-15,5.1210596e-16
Mstar-1sigma,7379.9517,1.2758466e-14,1.2815312e-14,3.2426566e-14,2.1113821e-16,-1.5429213e-16
Mstar-1sigma,7579.94,1.0218801e-14,1.1459925e-14,2.6008015e-14,8.607951e-16,3.8032838e-16
Mstar-1sigma,7779.928,8.15541e-15,-3.179335e-15,2.074362e-14,-1.2249817e-14,9.150717e-16
Mstar-1sigma,7929.605,6.853185e-15,2.957082e-14,1.7438154e-14,2.155462e-14,1.1630169e-15
