ell,L1_m9_target_clean,L1_m9_fit_clean,L1_m9_target_noisy,L1_m9_fit_noisy,fgas-8sigma_target_clean,fgas-8sigma_fit_clean,fgas-8sigma_target_noisy,fgas-8sigma_fit_noisy,Mstar-1sigma_target_clean,Mstar-1sigma_fit_clean,Mstar-1sigma_target_noisy,Mstar-1sigma_fit_noisy
198.01805555555555,9.6576317362401631e-14,1.0389212348070394e-13,9.5341572800045408e-14,1.0445891466509755e-13,8.8437044622752132e-14,8.3542444253961606e-14,8.7398924027335485e-14,8.3967573381856978e-14,9.9689289754818412e-14,9.3117074468052337e-14,9.8469808096892155e-14,9.3717214669248627e-14
388.27171052631581,1.8113037984863692e-13,1.7251625126835774e-13,1.810020571180183e-13,1.7246769168325466e-13,1.6029387446826971e-13,1.5086215586295466e-13,1.6004847471322259e-13,1.511045013482208e-13,1.8640381625627121e-13,1.7541871698755818e-13,1.862965327429911e-13,1.7576835147928893e-13
585.24698275862067,2.5046872607576067e-13,2.3538041948069158e-13,2.4953310834668927e-13,2.349058916905298e-13,2.1833917530277293e-13,2.0610827604714003e-13,2.1785400363818114e-13,2.0501905940392131e-13,2.5843932687026771e-13,2.4592722421096093e-13,2.575099669953084e-13,2.4475860544834633e-13
783.77339743589744,3.0546075815065059e-13,2.917545175007605e-13,3.0025157564031197e-13,2.8776359240355563e-13,2.6280177698739186e-13,2.5376511501861501e-13,2.5744217331225494e-13,2.5102750989712587e-13,3.15381930780163e-13,3.1008271348742911e-13,3.1016752459524606e-13,3.072755384948805e-13
982.90127551020407,3.5074019848530208e-13,3.3534072334127404e-13,3.6112008161737954e-13,3.4535743723702557e-13,2.971497960445365e-13,2.8831800630702809e-13,3.0721121780276037e-13,2.9708050751575297e-13,3.6201398991629203e-13,3.5865406048132864e-13,3.7235065582901525e-13,3.6711829426838201e-13
1182.3247881355933,3.8282933336399154e-13,3.6614363310237119e-13,3.9000810092331656e-13,3.7601163904806853e-13,3.1849003871593491e-13,3.0923894562738803e-13,3.2548598275226325e-13,3.1834401400772839e-13,3.9461085072372958e-13,3.9075064066502308e-13,4.0161637645395949e-13,4.0018828099582685e-13
1381.9153985507246,4.0523258428571635e-13,3.9270262176532893e-13,3.9911940345520569e-13,3.8699409145584465e-13,3.3068130626636984e-13,3.2593936431292015e-13,3.2422742735331567e-13,3.2026879439153437e-13,4.1702335134960393e-13,4.1782438701802279e-13,4.1103541727849468e-13,4.1285081073051054e-13
1581.6096518987342,4.2087393205859005e-13,4.092290988264107e-13,4.1614126350616283e-13,4.019526268564977e-13,3.3713798583326253e-13,3.3261280856021719e-13,3.3248007706823512e-13,3.2568142248599374e-13,4.3238308921057733e-13,4.329507086421783e-13,4.2784751786239287e-13,4.2594233708465657e-13
1781.3726123595507,4.2498393209635144e-13,4.1556280816378837e-13,4.3083953383632407e-13,4.2095275179297508e-13,3.3414229039278615e-13,3.3245320079069131e-13,3.4051025650959332e-13,3.3708207479545132e-13,4.3597958433414325e-13,4.3796114962483784e-13,4.4214961147924243e-13,4.4391614472158864e-13
1981.1834595959597,4.231941067014072e-13,4.153993301851494e-13,4.2341837579414221e-13,4.1406401545538521e-13,3.2663628775369432e-13,3.2573993434630141e-13,3.2663898459817628e-13,3.2346834617664276e-13,4.3316059278568212e-13,4.3535212515159183e-13,4.3344494618121417e-13,4.3369444006912057e-13
2181.0290137614679,4.156230814774254e-13,4.0962667038884527e-13,4.1251971426599318e-13,4.1178221350074435e-13,3.1526180790880166e-13,3.1517919467359569e-13,3.124208279842738e-13,3.1615305097644866e-13,4.2463407612505177e-13,4.2692404675316749e-13,4.2131201390963865e-13,4.2853919325601974e-13
2380.9005252100842,4.0087750335922765e-13,3.9828188338680939e-13,3.9924961964771081e-13,3.9634108831600456e-13,2.9909026247375735e-13,2.9993115519890545e-13,2.9760817384165733e-13,2.9828992976293898e-13,4.0890072046936671e-13,4.1223306940898013e-13,4.0729731447246897e-13,4.1046043346211713e-13
2580.7919573643412,3.8336119245095079e-13,3.834164033493847e-13,3.8148255059593841e-13,3.8157000854196103e-13,2.8108294430435826e-13,2.8324403134666226e-13,2.7910504550777771e-13,2.8204985346515264e-13,3.9051794311391049e-13,3.9451191923366276e-13,3.8843905677579841e-13,3.9327665299298881e-13
2780.6990107913671,3.6439083499570787e-13,3.6386985977875028e-13,3.6736563443148263e-13,3.6528142150804442e-13,2.6248872144552069e-13,2.6423535614487676e-13,2.6510322260369189e-13,2.6562311559497266e-13,3.7050120155093949e-13,3.7357839169932681e-13,3.7369554579110842e-13,3.748333684757652e-13
2980.6185402684564,3.4040290810666071e-13,3.4159460071440232e-13,3.4057990026195184e-13,3.4428482526491709e-13,2.4122852067654416e-13,2.4401943285376263e-13,2.4154415716279358e-13,2.4599410452629666e-13,3.4549733396112093e-13,3.4973333852015808e-13,3.4567379488937834e-13,3.5218315979450313e-13
3180.5481918238993,3.1532352297732134e-13,3.1812839259027239e-13,3.1781288480911612e-13,3.1932713920021651e-13,2.2001992235831237e-13,2.2224101582920188e-13,2.2223670043311766e-13,2.2281837648192623e-13,3.1956076043844063e-13,3.2332274956089942e-13,3.2203895896705669e-13,3.2410231102926522e-13
3380.4861686390532,2.9284094921595742e-13,2.9369385973555739e-13,2.9178970198087658e-13,2.920811207721107e-13,2.00748603186279e-13,2.0179457879596125e-13,1.996194402671149e-13,1.9989959534631571e-13,2.9631702853250247e-13,2.9763127824587222e-13,2.9520841161984207e-13,2.9564940565812321e-13
3580.4310754189946,2.6669018742785071e-13,2.6803695078707724e-13,2.6711650067170224e-13,2.6891428619039983e-13,1.797332654209621e-13,1.8092932788665027e-13,1.8012208955499772e-13,1.8136455892021018e-13,2.6929008485816133e-13,2.7053779545722946e-13,2.6977564139925816e-13,2.7093941265144415e-13
3780.3818121693121,2.4106086302227285e-13,2.4376247228572615e-13,2.3933006699782203e-13,2.4143773162972814e-13,1.6012089557805867e-13,1.6172157683230633e-13,1.5832742008818779e-13,1.5970095736077837e-13,2.4303497036162694e-13,2.4524696021588115e-13,2.411761678345329e-13,2.4314222564338317e-13
3980.3375000000001,2.1668577277562706e-13,2.1837618601057535e-13,2.1593803422738765e-13,2.2022272074084809e-13,1.4179392475875923e-13,1.4238817706818647e-13,1.4139859630402488e-13,1.4422048040141037e-13,2.1816752281851437e-13,2.1885865046982634e-13,2.1734325792088626e-13,2.2094736134116722e-13
4180.2974282296655,1.9357536115162802e-13,1.9556291536622527e-13,1.9356136651825703e-13,1.9541013828392864e-13,1.2472808467226891e-13,1.2547398848257518e-13,1.251132161690859e-13,1.2525319757962253e-13,1.9451807444509622e-13,1.9561867054619061e-13,1.9457761574333323e-13,1.9528379332069631e-13
4380.261015981735,1.7165240816498644e-13,1.7313887728586585e-13,1.7211243204292009e-13,1.736430997982861e-13,1.0888632654848516e-13,1.0928410627813938e-13,1.093303945169468e-13,1.0968246640956203e-13,1.7213382131315093e-13,1.7256186558843996e-13,1.7260265538195292e-13,1.7305508807348003e-13
4580.2277838427945,1.5065753203637747e-13,1.5283895271847143e-13,1.4753202691269024e-13,1.4912562863217798e-13,9.4193555447946131e-14,9.4921565512184758e-14,9.1029833212183253e-14,9.1023853063437714e-14,1.5082127049527512e-13,1.5173521963388268e-13,1.4766200170659171e-13,1.4796555173119772e-13
4780.197332635983,1.3204621611901738e-13,1.3304838527360148e-13,1.3104054615327179e-13,1.3424614755027723e-13,8.1337581788847347e-14,8.1419942522139251e-14,8.0424156597816006e-14,8.1958616456212116e-14,1.3193484855644704e-13,1.3196024689835883e-13,1.3085659242703739e-13,1.3262470234450744e-13
4980.1693273092369,1.1456983414333974e-13,1.1550636922943876e-13,1.1416990544754721e-13,1.1489246551282185e-13,6.9649372664085512e-14,6.9743471610154452e-14,6.8959623863664939e-14,6.9489282218673725e-14,1.1433038094834933e-13,1.1448474274169172e-13,1.140481469344099e-13,1.1416297820726213e-13
5180.1434845559843,9.8803533651372756e-14,9.9522171576284748e-14,1.0009675575109742e-13,1.0051210358648699e-13,5.9161495887448512e-14,5.9202932967434356e-14,6.0665562553613444e-14,6.0640424839081274e-14,9.8402941630085302e-14,9.8431543205915879e-14,9.9764993935332723e-14,9.9735126966877359e-14
5380.1195631970259,8.489896603754066e-14,8.5448956720908657e-14,8.8788468084202512e-14,8.8874076699294372e-14,5.0145208465771011e-14,5.0088001535939911e-14,5.3889873234381047e-14,5.3654541789593978e-14,8.4412779994883102e-14,8.4278661544901218e-14,8.831935455418617e-14,8.8105994255806556e-14
5580.0973566308239,7.2165630123954687e-14,7.2578496784706938e-14,6.8510047330432995e-14,6.8181462903937392e-14,4.2045298967918979e-14,4.1990818290836226e-14,3.8089402272657925e-14,3.7744210665808933e-14,7.159736664225902e-14,7.1468606957713763e-14,6.7849117485286779e-14,6.7469672599473752e-14
5780.076686851211,6.1191347735593918e-14,6.136124479887326e-14,6.6311890801860371e-14,6.7057465819418766e-14,3.5180204684926275e-14,3.5089399115867902e-14,4.0413986685824264e-14,4.0942689591389023e-14,6.061050650474532e-14,6.0477549967910032e-14,6.5635750978903663e-14,6.6149936283259327e-14
5980.0573996655521,5.1525490499250579e-14,5.1603235493667899e-14,4.82582079749486e-14,4.9861360276386446e-14,2.918999952733493e-14,2.9131620498627615e-14,2.6134308515104858e-14,2.7069812072778109e-14,5.0906523588324741e-14,5.0742278468167598e-14,4.7711858468825387e-14,4.8719765258499638e-14
6180.0393608414242,4.3013870154301927e-14,4.3073922489335437e-14,4.7813353010988639e-14,4.7461221670027241e-14,2.4051739555196403e-14,2.4009320634504192e-14,2.8948225919046908e-14,2.8277538848820221e-14,4.2428565097706294e-14,4.2330370224742595e-14,4.7278967615291562e-14,4.6430985744458497e-14
6380.0224529780562,3.5839408924453544e-14,3.5770360333824472e-14,4.2439963243959136e-14,4.208328790177389e-14,1.9794504200352113e-14,1.9706764783453047e-14,2.6383190877169264e-14,2.601508396785798e-14,3.5280159527772134e-14,3.5122544835142152e-14,4.1851081858347599e-14,4.1257569732806155e-14
6580.0065729483285,2.9642142233813557e-14,2.9588486804989638e-14,3.1768860023792269e-14,3.1721906302135873e-14,1.6155765776886997e-14,1.6106910826792573e-14,1.8247248707184419e-14,1.8323604943900367e-14,2.9124338547627772e-14,2.9022161059439168e-14,3.1267215656096857e-14,3.117106874356008e-14
6779.9916297935106,2.4377893622169964e-14,2.4333895701836428e-14,2.4778304419125505e-14,2.4381985259613712e-14,1.3134537097312506e-14,1.3121884134694529e-14,1.3643870047884336e-14,1.316624121043049e-14,2.3901002563366366e-14,2.3913311911329437e-14,2.431926493770929e-14,2.3774612466691398e-14
6979.9775429799429,1.9927554000404981e-14,1.9919571630431789e-14,3.5443699473238182e-14,3.4534045607855707e-14,1.0598638888295077e-14,1.0620404000325215e-14,2.5882179199542345e-14,2.5160053573100765e-14,1.9502126086760075e-14,1.954458996793445e-14,3.502849564415848e-14,3.4108809450003658e-14
7179.9642409470753,1.6165618089587461e-14,1.6186934762337207e-14,1.8708796330329912e-14,1.7953961748583124e-14,8.4954973332769106e-15,8.5371730789801276e-15,1.0950516049682002e-14,1.0446989764943351e-14,1.5786460428220014e-14,1.58831472950321e-14,1.8314081785587467e-14,1.7691337328292459e-14
7379.9516598915989,1.309332615303356e-14,1.3064339210510929e-14,1.3162562594740474e-14,1.2892827896503345e-14,6.7913828603665456e-15,6.8234746769746517e-15,6.9791675806599198e-15,6.8157519702261609e-15,1.275846559047508e-14,1.28261871004121e-14,1.2815311771152001e-14,1.2765316030024316e-14
7579.9397427440636,1.0503062784271065e-14,1.0538187540990645e-14,1.1820161394653675e-14,1.2059016276852185e-14,5.3926934083594918e-15,5.4484630474944977e-15,6.567115026188547e-15,6.6227599666201392e-15,1.0218800578993915e-14,1.033774030567259e-14,1.1459924960918023e-14,1.1616456414159101e-14
7779.9284383033419,8.3967206932665148e-15,8.4202577407181424e-15,-3.0072197029269481e-15,-3.1386288251690463e-15,4.2610624987734737e-15,4.3147789011657129e-15,-7.4112435281072184e-15,-7.4687687509639071e-15,8.1554099615050422e-15,8.2633572277196468e-15,-3.1793345447073542e-15,-3.3301185430355194e-15
7929.6050756620425,7.0690125967819078e-15,7.1293366688031984e-15,2.983083034136111e-14,2.7901090977277463e-14,3.5532823108580807e-15,3.6257204628427297e-15,2.6074458426694187e-14,2.4848860178188646e-14,6.8531851722276767e-15,6.9915197183542379e-15,2.9570820167827436e-14,2.8114156637074726e-14
