panel,curve,x,x3_ne_over_n200
0,simulation,0.04249783615797887,0.0013981998727083578
0,simulation,0.04400392123471406,0.0015717925272086164
0,simulation,0.04556337741954023,0.0016593905575816167
0,simulation,0.047178102520416675,0.0017688225898242547
0,simulation,0.048850052026046795,0.002000704858330724
0,simulation,0.05058125391784839,0.0022175349065328884
0,simulation,0.05237380804707604,0.0023325774174714673
0,simulation,0.0542298886818235,0.0026445734807518883
0,simulation,0.0561517471442895,0.0028548331370526407
0,simulation,0.05814171454150591,0.0029942466482384684
0,simulation,0.060202204592840425,0.0032985899090729356
0,simulation,0.06233571655770344,0.0035453281621120334
0,simulation,0.06454483826701019,0.003926888442934568
0,simulation,0.06683224926207516,0.004218832766482817
0,simulation,0.0692007240447462,0.0044880258742328065
0,simulation,0.07165313544272028,0.004835992229240881
0,simulation,0.07419245809412323,0.005273465176232243
0,simulation,0.07682176129204271,0.005703169683497237
0,simulation,0.07954425539316265,0.006181261342962752
0,simulation,0.08236323223570861,0.006909886838579737
0,simulation,0.08528211108122806,0.0073720242179164275
0,simulation,0.08830443236682124,0.007959081766889885
0,simulation,0.0914338619994938,0.008737811526344834
0,simulation,0.0946741958026973,0.009407771262903332
0,simulation,0.09802936412045123,0.0102284139213033
0,simulation,0.10150343658463085,0.010953556239792262
0,simulation,0.10510062705120354,0.012010611830333391
0,simulation,0.10882529871140077,0.013064042074727104
0,simulation,0.11268196938402557,0.014132369455880929
0,simulation,0.1166753169953145,0.015502674190127717
0,simulation,0.12081018525300107,0.016995840394064005
0,simulation,0.12509158952146282,0.018269081550601318
0,simulation,0.12952472290507838,0.01967024480203326
0,simulation,0.1341149625471731,0.02165588171593624
0,simulation,0.13886787615219376,0.023269514789228556
0,simulation,0.14378922873902336,0.025128628003038257
0,simulation,0.1488849687732767,0.027307949740894066
0,simulation,0.15416131810988917,0.029242003058071883
0,simulation,0.15962465651968585,0.03141637205027261
0,simulation,0.16528161072718012,0.0338808631190292
0,simulation,0.17113904230203986,0.03659771175463934
0,simulation,0.17720405598178843,0.03967430944474186
0,simulation,0.18348400828945466,0.04328543221910297
0,simulation,0.1899865164566245,0.04663502097031403
0,simulation,0.19671946766271803,0.050692214702802045
0,simulation,0.2036910286016974,0.054993461851701134
0,simulation,0.21090965538781115,0.059786739252508686
0,simulation,0.21838410381238835,0.06488281160440308
0,simulation,0.22612343996412504,0.07034645395166361
0,simulation,0.2341370512257435,0.0756059391536637
0,simulation,0.2424346576603636,0.08152896434924789
0,simulation,0.2510263238013967,0.08892916977522147
0,simulation,0.2599224708602629,0.09493504188405189
0,simulation,0.2691338893667386,0.10332436776520292
0,simulation,0.2786717522572671,0.11180715757468314
0,simulation,0.28854762842710635,0.12100258538483949
0,simulation,0.2987734967627535,0.1307320951818019
0,simulation,0.3093617606716653,0.1407005512098077
0,simulation,0.320325263126899,0.15174251766722652
0,simulation,0.33167730224492176,0.1640910157209751
0,simulation,0.34343164741548354,0.17699057161114815
0,simulation,0.3556025560031184,0.1909720965984972
0,simulation,0.3682047906405315,0.20690389156387584
0,simulation,0.3812536371348488,0.22152376898821097
0,simulation,0.39476481238703337,0.23794898655015936
0,simulation,0.4087549221551199,0.25603864774459656
0,simulation,0.4232408288260246,0.2752411187442963
0,simulation,0.4382401029958986,0.29497623000270445
0,simulation,0.45377093794701173,0.3164400631237251
0,simulation,0.4698521717151884,0.340239852629058
0,simulation,0.48650330993929325,0.3638609234086957
0,simulation,0.5037445495204826,0.3884169260814527
0,simulation,0.5215968031199181,0.4153353454919219
0,simulation,0.5400817245246565,0.4433058153088688
0,simulation,0.5592217349124862,0.47455026925014404
0,simulation,0.5790400500475623,0.5038281575427415
0,simulation,0.5995607084398344,0.5367912753191574
0,simulation,0.6208086005024162,0.5700405225168204
0,simulation,0.642809498742267,0.602711639073371
0,simulation,0.6655900890208052,0.6344150633841185
0,simulation,0.689178002922367,0.6710395327071458
0,simulation,0.7136018512697767,0.7082547020831154
0,simulation,0.7388912588276775,0.7457423294382494
0,simulation,0.765076900235717,0.7868580025726094
0,simulation,0.7921905372151729,0.8241836606730855
0,simulation,0.8202650570941481,0.8646972714627188
0,simulation,0.8493345126980636,0.9042398031421864
0,simulation,0.8794341636538346,0.9443196964410767
0,simulation,0.9106005191578306,0.9828411716012758
0,simulation,0.942871382259491,1.025273259113544
0,simulation,0.9762858957143153,1.062595222816417
0,simulation,1.01088458946184,1.1013805963496384
0,simulation,1.0467094297861916,1.1412957797357792
0,simulation,1.0838038702188493,1.1743869656179375
0,simulation,1.12221290424535,1.208554140358021
0,simulation,1.1619831198798762,1.2434179192614767
0,simulation,1.2031627561739164,1.276662806981667
0,simulation,1.2458017617275419,1.300929172497885
0,simulation,1.2899518552742695,1.3221851057695522
0,simulation,1.335666588412999,1.3413085047596731
0,simulation,1.3830014105631132,1.3659446704485028
0,simulation,1.4320137362215284,1.386535908169999
0,simulation,1.4827625991019664,1.4015683477675507
0,with_c_bpl,0.04249783615797887,0.0011378351768435773
0,with_c_bpl,0.04400392123471406,0.0012465414980497708
0,with_c_bpl,0.04556337741954023,0.0013654991464804615
0,with_c_bpl,0.047178102520416675,0.0014956572226682773
0,with_c_bpl,0.048850052026046795,0.001638048499047567
0,with_c_bpl,0.05058125391784839,0.0017938004311347496
0,with_c_bpl,0.05237380804707604,0.001964140472996587
0,with_c_bpl,0.0542298886818235,0.0021504056217362057
0,with_c_bpl,0.0561517471442895,0.002354048869637089
0,with_c_bpl,0.05814171454150591,0.0025766560416747015
0,with_c_bpl,0.060202204592840425,0.0028199482141846623
0,with_c_bpl,0.06233571655770344,0.0030857970025831814
0,with_c_bpl,0.06454483826701019,0.003376241287169616
0,with_c_bpl,0.06683224926207516,0.003693493408598315
0,with_c_bpl,0.0692007240447462,0.00403995438104949
0,with_c_bpl,0.07165313544272028,0.004418233857483718
0,with_c_bpl,0.07419245809412323,0.00483116497121066
0,with_c_bpl,0.07682176129204271,0.005281819051620337
0,with_c_bpl,0.07954425539316265,0.005773523437820714
0,with_c_bpl,0.08236323223570861,0.006309888189595839
0,with_c_bpl,0.08528211108122806,0.006894825240827978
0,with_c_bpl,0.08830443236682124,0.007532557707934936
0,with_c_bpl,0.0914338619994938,0.008227664203966298
0,with_c_bpl,0.0946741958026973,0.008985103587110245
0,with_c_bpl,0.09802936412045123,0.009810208779724494
0,with_c_bpl,0.10150343658463085,0.010708763426230264
0,with_c_bpl,0.10510062705120354,0.011687000111599693
0,with_c_bpl,0.10882529871140077,0.012751619420635464
0,with_c_bpl,0.11268196938402557,0.013909892060675576
0,with_c_bpl,0.1166753169953145,0.015169593727786068
0,with_c_bpl,0.12081018525300107,0.0165391295321852
0,with_c_bpl,0.12509158952146282,0.018027500061436164
0,with_c_bpl,0.12952472290507838,0.019644372933970134
0,with_c_bpl,0.1341149625471731,0.021400204477141783
0,with_c_bpl,0.13886787615219376,0.023306055773629552
0,with_c_bpl,0.14378922873902336,0.025373915099072816
0,with_c_bpl,0.1488849687732767,0.02761653142041735
0,with_c_bpl,0.15416131810988917,0.030047533847626567
0,with_c_bpl,0.15962465651968585,0.03268147832643492
0,with_c_bpl,0.16528161072718012,0.03553389521187654
0,with_c_bpl,0.17113904230203986,0.038621289168891
0,with_c_bpl,0.17720405598178843,0.041961272091491635
0,with_c_bpl,0.18348400828945466,0.04557240299770225
0,with_c_bpl,0.1899865164566245,0.04947453510986494
0,with_c_bpl,0.19671946766271803,0.05368852812506296
0,with_c_bpl,0.2036910286016974,0.058236574044942396
0,with_c_bpl,0.21090965538781115,0.06314189518523357
0,with_c_bpl,0.21838410381238835,0.06842902557291759
0,with_c_bpl,0.22612343996412504,0.07412377347570873
0,with_c_bpl,0.2341370512257435,0.08025314046770318
0,with_c_bpl,0.2424346576603636,0.08684540278151721
0,with_c_bpl,0.2510263238013967,0.09392987725103642
0,with_c_bpl,0.2599224708602629,0.10153732769911948
0,with_c_bpl,0.2691338893667386,0.10969948767580796
0,with_c_bpl,0.2786717522572671,0.11844922050143947
0,with_c_bpl,0.28854762842710635,0.12782046541998784
0,with_c_bpl,0.2987734967627535,0.13784765182251293
0,with_c_bpl,0.3093617606716653,0.14856653103920703
0,with_c_bpl,0.320325263126899,0.16001326254898854
0,with_c_bpl,0.33167730224492176,0.17222414254687823
0,with_c_bpl,0.34343164741548354,0.18523597957918833
0,with_c_bpl,0.3556025560031184,0.1990857319827866
0,with_c_bpl,0.3682047906405315,0.21381002662417647
0,with_c_bpl,0.3812536371348488,0.2294442484170935
0,with_c_bpl,0.39476481238703337,0.2460238025605374
0,with_c_bpl,0.4087549221551199,0.26358212581537244
0,with_c_bpl,0.4232408288260246,0.2821510685894548
0,with_c_bpl,0.4382401029958986,0.30176050036803104
0,with_c_bpl,0.45377093794701173,0.3224370796450976
0,with_c_bpl,0.4698521717151884,0.3442048252611245
0,with_c_bpl,0.48650330993929325,0.3670829189518041
0,with_c_bpl,0.5037445495204826,0.39108670221508973
0,with_c_bpl,0.5215968031199181,0.41622673876079413
0,with_c_bpl,0.5400817245246565,0.4425060221238936
0,with_c_bpl,0.5592217349124862,0.4699222328837656
0,with_c_bpl,0.5790400500475623,0.498466198913586
0,with_c_bpl,0.5995607084398344,0.5281179706950868
0,with_c_bpl,0.6208086005024162,0.5588515503480241
0,with_c_bpl,0.642809498742267,0.5906283776650568
0,with_c_bpl,0.6655900890208052,0.6234019814639375
0,with_c_bpl,0.689178002922367,0.6571122681381724
0,with_c_bpl,0.7136018512697767,0.6916876311841514
0,with_c_bpl,0.7388912588276775,0.7270444939653793
0,with_c_bpl,0.765076900235717,0.7630859912818805
0,with_c_bpl,0.7921905372151729,0.7996994847962124
0,with_c_bpl,0.8202650570941481,0.8367599266138899
0,with_c_bpl,0.8493345126980636,0.874127906068818
0,with_c_bpl,0.8794341636538346,0.9116484494560481
0,with_c_bpl,0.9106005191578306,0.9491532880990329
0,with_c_bpl,0.942871382259491,0.9864601907016076
0,with_c_bpl,0.9762858957143153,1.0233709606983257
0,with_c_bpl,1.01088458946184,1.0596784224270086
0,with_c_bpl,1.0467094297861916,1.0951599469100357
0,with_c_bpl,1.0838038702188493,1.1295866268247092
0,with_c_bpl,1.12221290424535,1.1627168231271932
0,with_c_bpl,1.1619831198798762,1.1943049520213498
0,with_c_bpl,1.2031627561739164,1.2240995084430062
0,with_c_bpl,1.2458017617275419,1.25184694783705
0,with_c_bpl,1.2899518552742695,1.2772944646765545
0,with_c_bpl,1.335666588412999,1.300194644028507
0,with_c_bpl,1.3830014105631132,1.3203038638321474
0,with_c_bpl,1.4320137362215284,1.3373888021265075
0,with_c_bpl,1.4827625991019664,1.3512350849143013
0,without_c_bpl,0.04249783615797887,0.0012377358263731483
0,without_c_bpl,0.04400392123471406,0.0013554966347414956
0,without_c_bpl,0.04556337741954023,0.001484296947039881
0,without_c_bpl,0.047178102520416675,0.0016251507536515356
0,without_c_bpl,0.048850052026046795,0.0017791604606884224
0,without_c_bpl,0.05058125391784839,0.0019475260936201546
0,without_c_bpl,0.05237380804707604,0.0021315548980239594
0,without_c_bpl,0.0542298886818235,0.002332666510818118
0,without_c_bpl,0.0561517471442895,0.0025524061236806683
0,without_c_bpl,0.05814171454150591,0.0027924537530135945
0,without_c_bpl,0.060202204592840425,0.003054633520330792
0,without_c_bpl,0.06233571655770344,0.0033409269067446556
0,without_c_bpl,0.06454483826701019,0.003653483285871505
0,without_c_bpl,0.06683224926207516,0.003994637639119638
0,without_c_bpl,0.0692007240447462,0.004366920861928136
0,without_c_bpl,0.07165313544272028,0.004773077357204873
0,without_c_bpl,0.07419245809412323,0.005216081837350191
0,without_c_bpl,0.07682176129204271,0.0056991466091042475
0,without_c_bpl,0.07954425539316265,0.006225767061101822
0,without_c_bpl,0.08236323223570861,0.0067996992462552915
0,without_c_bpl,0.08528211108122806,0.007425029165332048
0,without_c_bpl,0.08830443236682124,0.008106156491295303
0,without_c_bpl,0.0914338619994938,0.008847832660595226
0,without_c_bpl,0.0946741958026973,0.009655192176187842
0,without_c_bpl,0.09802936412045123,0.01053375572842878
0,without_c_bpl,0.10150343658463085,0.011489485973578187
0,without_c_bpl,0.10510062705120354,0.012528799402125888
0,without_c_bpl,0.10882529871140077,0.013658602862312116
0,without_c_bpl,0.11268196938402557,0.014886316823080977
0,without_c_bpl,0.1166753169953145,0.016219874943702185
0,without_c_bpl,0.12081018525300107,0.017667873837662995
0,without_c_bpl,0.12509158952146282,0.019239453288748667
0,without_c_bpl,0.12952472290507838,0.020944426021354705
0,without_c_bpl,0.1341149625471731,0.02279329687651544
0,without_c_bpl,0.13886787615219376,0.02479730182135207
0,without_c_bpl,0.14378922873902336,0.026968380524364177
0,without_c_bpl,0.1488849687732767,0.029319298191259176
0,without_c_bpl,0.15416131810988917,0.03186369866758186
0,without_c_bpl,0.15962465651968585,0.03461603142067721
0,without_c_bpl,0.16528161072718012,0.037591604102445934
0,without_c_bpl,0.17113904230203986,0.040806701701639525
0,without_c_bpl,0.17720405598178843,0.044278585940159494
0,without_c_bpl,0.18348400828945466,0.048025470125131864
0,without_c_bpl,0.1899865164566245,0.052066592543297346
0,without_c_bpl,0.19671946766271803,0.056422102791025976
0,without_c_bpl,0.2036910286016974,0.06111341041963398
0,without_c_bpl,0.21090965538781115,0.06616271212664729
0,without_c_bpl,0.21838410381238835,0.07159350477407661
0,without_c_bpl,0.22612343996412504,0.07743001330948791
0,without_c_bpl,0.2341370512257435,0.08369777345331796
0,without_c_bpl,0.2424346576603636,0.09042316879286996
0,without_c_bpl,0.2510263238013967,0.09763344830718744
0,without_c_bpl,0.2599224708602629,0.10535690615493568
0,without_c_bpl,0.2691338893667386,0.11362245331844799
0,without_c_bpl,0.2786717522572671,0.12246006183837835
0,without_c_bpl,0.28854762842710635,0.13189980573486834
0,without_c_bpl,0.2987734967627535,0.14197294552142314
0,without_c_bpl,0.3093617606716653,0.15271034266738537
0,without_c_bpl,0.320325263126899,0.16414342345716967
0,without_c_bpl,0.33167730224492176,0.17630371079186205
0,without_c_bpl,0.34343164741548354,0.18922216934207778
0,without_c_bpl,0.3556025560031184,0.20292959524799606
0,without_c_bpl,0.3682047906405315,0.21745537568948575
0,without_c_bpl,0.3812536371348488,0.23282869561434866
0,without_c_bpl,0.39476481238703337,0.2490763510618365
0,without_c_bpl,0.4087549221551199,0.2662240218452745
0,without_c_bpl,0.4232408288260246,0.2842950643621871
0,without_c_bpl,0.4382401029958986,0.30330964856687104
0,without_c_bpl,0.45377093794701173,0.3232853263231792
0,without_c_bpl,0.4698521717151884,0.3442354304936129
0,without_c_bpl,0.48650330993929325,0.36617019142857293
0,without_c_bpl,0.5037445495204826,0.3890941069152834
0,without_c_bpl,0.5215968031199181,0.41300709634323385
0,without_c_bpl,0.5400817245246565,0.43790195577935914
0,without_c_bpl,0.5592217349124862,0.4637662816342328
0,without_c_bpl,0.5790400500475623,0.4905804400784272
0,without_c_bpl,0.5995607084398344,0.5183162593960848
0,without_c_bpl,0.6208086005024162,0.5469389370632369
0,without_c_bpl,0.642809498742267,0.5764026136637896
0,without_c_bpl,0.6655900890208052,0.6066537718328532
0,without_c_bpl,0.689178002922367,0.637628840791138
0,without_c_bpl,0.7136018512697767,0.6692536938569968
0,without_c_bpl,0.7388912588276775,0.7014432100326999
0,without_c_bpl,0.765076900235717,0.7341027533412664
0,without_c_bpl,0.7921905372151729,0.7671254401266274
0,without_c_bpl,0.8202650570941481,0.8003937886631407
0,without_c_bpl,0.8493345126980636,0.8337799016642766
0,without_c_bpl,0.8794341636538346,0.8671436174127767
0,without_c_bpl,0.9106005191578306,0.9003359491258182
0,without_c_bpl,0.942871382259491,0.9331975916099272
0,without_c_bpl,0.9762858957143153,0.965559521772345
0,without_c_bpl,1.01088458946184,0.9972462802612152
0,without_c_bpl,1.0467094297861916,1.0280747589492232
0,without_c_bpl,1.0838038702188493,1.057854024889129
0,without_c_bpl,1.12221290424535,1.0863919243586593
0,without_c_bpl,1.1619831198798762,1.1134915648189152
0,without_c_bpl,1.2031627561739164,1.1389571156939047
0,without_c_bpl,1.2458017617275419,1.1625930658228545
0,without_c_bpl,1.2899518552742695,1.1842062070430606
0,without_c_bpl,1.335666588412999,1.2036107663542834
0,without_c_bpl,1.3830014105631132,1.2206293204760106
0,without_c_bpl,1.4320137362215284,1.235092045166019
0,without_c_bpl,1.4827625991019664,1.2468467143606476
0,without_c_no_bpl,0.04249783615797887,0.001217998436481276
0,without_c_no_bpl,0.04400392123471406,0.0013339891323729581
0,without_c_no_bpl,0.04556337741954023,0.001460868351219189
0,without_c_no_bpl,0.047178102520416675,0.0015996370926419732
0,without_c_no_bpl,0.048850052026046795,0.0017513846733981015
0,without_c_no_bpl,0.05058125391784839,0.0019172982909592283
0,without_c_no_bpl,0.05237380804707604,0.002098670488329728
0,without_c_no_bpl,0.0542298886818235,0.0022969066880197896
0,without_c_no_bpl,0.0561517471442895,0.002513534208412757
0,without_c_no_bpl,0.05814171454150591,0.0027502153118950877
0,without_c_no_bpl,0.060202204592840425,0.003008755265296416
0,without_c_no_bpl,0.06233571655770344,0.0032911175887822895
0,without_c_no_bpl,0.06454483826701019,0.0035994310361927477
0,without_c_no_bpl,0.06683224926207516,0.0039360112614996185
0,without_c_no_bpl,0.0692007240447462,0.00430336154013376
0,without_c_no_bpl,0.07165313544272028,0.004704207381849567
0,without_c_no_bpl,0.07419245809412323,0.0051414958278656955
0,without_c_no_bpl,0.07682176129204271,0.0056184235111297175
0,without_c_no_bpl,0.07954425539316265,0.006138441920720823
0,without_c_no_bpl,0.08236323223570861,0.006705302068151708
0,without_c_no_bpl,0.08528211108122806,0.007323051189776811
0,without_c_no_bpl,0.08830443236682124,0.007996060218889841
0,without_c_no_bpl,0.0914338619994938,0.008729051236715432
0,without_c_no_bpl,0.0946741958026973,0.00952714076706367
0,without_c_no_bpl,0.09802936412045123,0.010395816274609143
0,without_c_no_bpl,0.10150343658463085,0.011341026462743788
0,without_c_no_bpl,0.10510062705120354,0.012369148621277108
0,without_c_no_bpl,0.10882529871140077,0.01348707164252038
0,without_c_no_bpl,0.11268196938402557,0.014702184037610855
0,without_c_no_bpl,0.1166753169953145,0.01602243697301928
0,without_c_no_bpl,0.12081018525300107,0.017456372819459588
0,without_c_no_bpl,0.12509158952146282,0.01901313860847537
0,without_c_no_bpl,0.12952472290507838,0.02070256618496018
0,without_c_no_bpl,0.1341149625471731,0.022535109487433005
0,without_c_no_bpl,0.13886787615219376,0.024522033387950344
0,without_c_no_bpl,0.14378922873902336,0.02667535770062791
0,without_c_no_bpl,0.1488849687732767,0.029007850662614215
0,without_c_no_bpl,0.15416131810988917,0.0315331196232426
0,without_c_no_bpl,0.15962465651968585,0.034265735887223106
0,without_c_no_bpl,0.16528161072718012,0.03722112424919977
0,without_c_no_bpl,0.17113904230203986,0.040415618239893085
0,without_c_no_bpl,0.17720405598178843,0.043866586847148815
0,without_c_no_bpl,0.18348400828945466,0.04759243234713928
0,without_c_no_bpl,0.1899865164566245,0.051612432414428096
0,without_c_no_bpl,0.19671946766271803,0.05594711335601969
0,without_c_no_bpl,0.2036910286016974,0.06061797778497581
0,without_c_no_bpl,0.21090965538781115,0.06564755244993738
0,without_c_no_bpl,0.21838410381238835,0.07105954808686163
0,without_c_no_bpl,0.22612343996412504,0.07687870889296254
0,without_c_no_bpl,0.2341370512257435,0.08313088204239728
0,without_c_no_bpl,0.2424346576603636,0.08984289739727874
0,without_c_no_bpl,0.2510263238013967,0.09704250656527467
0,without_c_no_bpl,0.2599224708602629,0.10475856566588652
0,without_c_no_bpl,0.2691338893667386,0.11302075524175718
0,without_c_no_bpl,0.2786717522572671,0.12185962362429736
0,without_c_no_bpl,0.28854762842710635,0.13130618396764807
0,without_c_no_bpl,0.2987734967627535,0.14139223064511916
0,without_c_no_bpl,0.3093617606716653,0.15214990484477026
0,without_c_no_bpl,0.320325263126899,0.16361169782582313
0,without_c_no_bpl,0.33167730224492176,0.17581007355444242
0,without_c_no_bpl,0.34343164741548354,0.188777446930689
0,without_c_no_bpl,0.3556025560031184,0.20254546896258774
0,without_c_no_bpl,0.3682047906405315,0.2171454302468261
0,without_c_no_bpl,0.3812536371348488,0.2326075018008469
0,without_c_no_bpl,0.39476481238703337,0.2489603464236542
0,without_c_no_bpl,0.4087549221551199,0.2662316898505553
0,without_c_no_bpl,0.4232408288260246,0.2844456993273084
0,without_c_no_bpl,0.4382401029958986,0.3036246897123211
0,without_c_no_bpl,0.45377093794701173,0.32378853305332334
0,without_c_no_bpl,0.4698521717151884,0.34495219753239337
0,without_c_no_bpl,0.48650330993929325,0.367127051864166
0,without_c_no_bpl,0.5037445495204826,0.3903200170223273
0,without_c_no_bpl,0.5215968031199181,0.41453254360274666
0,without_c_no_bpl,0.5400817245246565,0.43975939282009174
0,without_c_no_bpl,0.5592217349124862,0.46599011779684335
0,without_c_no_bpl,0.5790400500475623,0.49320638965581276
0,without_c_no_bpl,0.5995607084398344,0.5213804847523791
0,without_c_no_bpl,0.6208086005024162,0.5504790531250381
0,without_c_no_bpl,0.642809498742267,0.580458267705267
0,without_c_no_bpl,0.6655900890208052,0.6112635829132226
0,without_c_no_bpl,0.689178002922367,0.6428313462093952
0,without_c_no_bpl,0.7136018512697767,0.6750877936181038
0,without_c_no_bpl,0.7388912588276775,0.707947003385371
0,without_c_no_bpl,0.765076900235717,0.7413112237811826
0,without_c_no_bpl,0.7921905372151729,0.7750734835188703
0,without_c_no_bpl,0.8202650570941481,0.8091119655305195
0,without_c_no_bpl,0.8493345126980636,0.8432945973648152
0,without_c_no_bpl,0.8794341636538346,0.8774795717122846
0,without_c_no_bpl,0.9106005191578306,0.9115103217059454
0,without_c_no_bpl,0.942871382259491,0.9452224145554659
0,without_c_no_bpl,0.9762858957143153,0.9784411251131224
0,without_c_no_bpl,1.01088458946184,1.010979711673335
0,without_c_no_bpl,1.0467094297861916,1.0426491714076878
0,without_c_no_bpl,1.0838038702188493,1.0732483526637144
0,without_c_no_bpl,1.12221290424535,1.1025756623684697
0,without_c_no_bpl,1.1619831198798762,1.1304229397632428
0,without_c_no_bpl,1.2031627561739164,1.1565827236144341
0,without_c_no_bpl,1.2458017617275419,1.180846154712723
0,without_c_no_bpl,1.2899518552742695,1.2030110277762818
0,without_c_no_bpl,1.335666588412999,1.2228783854509564
0,without_c_no_bpl,1.3830014105631132,1.2402563488450309
0,without_c_no_bpl,1.4320137362215284,1.2549657699844494
0,without_c_no_bpl,1.4827625991019664,1.2668413635137565
0,battaglia16,0.04249783615797887,0.006677072474638413
0,battaglia16,0.04400392123471406,0.007269922959892595
0,battaglia16,0.04556337741954023,0.007912498356872955
0,battaglia16,0.047178102520416675,0.008608624324198441
0,battaglia16,0.048850052026046795,0.009362370568789373
0,battaglia16,0.05058125391784839,0.01017807143855171
0,battaglia16,0.05237380804707604,0.011060338253767416
0,battaglia16,0.0542298886818235,0.012014056629914718
0,battaglia16,0.0561517471442895,0.01304444136376728
0,battaglia16,0.05814171454150591,0.014156972909002235
0,battaglia16,0.060202204592840425,0.015357484020789668
0,battaglia16,0.06233571655770344,0.016652122748479322
0,battaglia16,0.06454483826701019,0.018047377415340918
0,battaglia16,0.06683224926207516,0.019550061353260133
0,battaglia16,0.0692007240447462,0.021167417156827704
0,battaglia16,0.07165313544272028,0.022906954352972058
0,battaglia16,0.07419245809412323,0.024776598025775337
0,battaglia16,0.07682176129204271,0.026784614721160165
0,battaglia16,0.07954425539316265,0.028939638259961133
0,battaglia16,0.08236323223570861,0.031250708198296395
0,battaglia16,0.08528211108122806,0.03372724018681766
0,battaglia16,0.08830443236682124,0.036378886105500816
0,battaglia16,0.0914338619994938,0.03921576975904715
0,battaglia16,0.0946741958026973,0.04224826357070626
0,battaglia16,0.09802936412045123,0.045487164119708934
0,battaglia16,0.10150343658463085,0.048943469830073756
0,battaglia16,0.10510062705120354,0.05262851378761965
0,battaglia16,0.10882529871140077,0.05655388897954484
0,battaglia16,0.11268196938402557,0.0607312662440437
0,battaglia16,0.1166753169953145,0.06517263061965103
0,battaglia16,0.12081018525300107,0.06989020671296398
0,battaglia16,0.12509158952146282,0.0748960702981486
0,battaglia16,0.12952472290507838,0.08020250479307021
0,battaglia16,0.1341149625471731,0.08582179382627905
0,battaglia16,0.13886787615219376,0.09176593054500766
0,battaglia16,0.14378922873902336,0.09804720915154025
0,battaglia16,0.1488849687732767,0.10467713024230992
0,battaglia16,0.15416131810988917,0.11166737129739043
0,battaglia16,0.15962465651968585,0.11902927721377098
0,battaglia16,0.16528161072718012,0.12677314037530152
0,battaglia16,0.17113904230203986,0.1349094272570311
0,battaglia16,0.17720405598178843,0.14344767300741773
0,battaglia16,0.18348400828945466,0.15239646502246026
0,battaglia16,0.1899865164566245,0.16176408470889064
0,battaglia16,0.19671946766271803,0.171557283029041
0,battaglia16,0.2036910286016974,0.18178211966673868
0,battaglia16,0.21090965538781115,0.19244372938197554
0,battaglia16,0.21838410381238835,0.20354525433290344
0,battaglia16,0.22612343996412504,0.21508939911035593
0,battaglia16,0.2341370512257435,0.2270768938657594
0,battaglia16,0.2424346576603636,0.23950682994629574
0,battaglia16,0.2510263238013967,0.252377173455914
0,battaglia16,0.2599224708602629,0.2656838173811995
0,battaglia16,0.2691338893667386,0.279420743151478
0,battaglia16,0.2786717522572671,0.29358028469121883
0,battaglia16,0.28854762842710635,0.3081531214085164
0,battaglia16,0.2987734967627535,0.32312707130025947
0,battaglia16,0.3093617606716653,0.3384889435081895
0,battaglia16,0.320325263126899,0.3542229838437919
0,battaglia16,0.33167730224492176,0.3703111854800796
0,battaglia16,0.34343164741548354,0.3867342108532427
0,battaglia16,0.3556025560031184,0.4034690395396003
0,battaglia16,0.3682047906405315,0.42049284515891117
0,battaglia16,0.3812536371348488,0.4377791369183831
0,battaglia16,0.39476481238703337,0.4553002968641097
0,battaglia16,0.4087549221551199,0.4730260445216889
0,battaglia16,0.4232408288260246,0.49092520789910626
0,battaglia16,0.4382401029958986,0.5089640878377044
0,battaglia16,0.45377093794701173,0.5271083925703957
0,battaglia16,0.4698521717151884,0.5453214973319054
0,battaglia16,0.48650330993929325,0.5635658367470423
0,battaglia16,0.5037445495204826,0.5818023978442038
0,battaglia16,0.5215968031199181,0.5999923425070782
0,battaglia16,0.5400817245246565,0.6180950434138426
0,battaglia16,0.5592217349124862,0.6360689072670375
0,battaglia16,0.5790400500475623,0.6538731622945426
0,battaglia16,0.5995607084398344,0.6714657146194916
0,battaglia16,0.6208086005024162,0.688805787751062
0,battaglia16,0.642809498742267,0.7058507694365057
0,battaglia16,0.6655900890208052,0.7225615973408976
0,battaglia16,0.689178002922367,0.7388959431102465
0,battaglia16,0.7136018512697767,0.7548155352690654
0,battaglia16,0.7388912588276775,0.7702819040868539
0,battaglia16,0.765076900235717,0.7852574280531306
0,battaglia16,0.7921905372151729,0.7997074964108529
0,battaglia16,0.8202650570941481,0.8135967633842963
0,battaglia16,0.8493345126980636,0.8268932596202387
0,battaglia16,0.8794341636538346,0.8395676437027648
0,battaglia16,0.9106005191578306,0.8515912657467168
0,battaglia16,0.942871382259491,0.8629362001730779
0,battaglia16,0.9762858957143153,0.8735807514056058
0,battaglia16,1.01088458946184,0.8835020591891393
0,battaglia16,1.0467094297861916,0.8926826878953665
0,battaglia16,1.0838038702188493,0.9011040848662443
0,battaglia16,1.12221290424535,0.9087544334629409
0,battaglia16,1.1619831198798762,0.9156208466487269
0,battaglia16,1.2031627561739164,0.9216950208545718
0,battaglia16,1.2458017617275419,0.9269709952183701
0,battaglia16,1.2899518552742695,0.9314451350031646
0,battaglia16,1.335666588412999,0.9351172748575863
0,battaglia16,1.3830014105631132,0.9379859998265581
0,battaglia16,1.4320137362215284,0.9400579655187096
0,battaglia16,1.4827625991019664,0.9413384693167576
1,simulation,0.04249784270781225,0.0029152216771418226
1,simulation,0.04400391568584374,0.0032179960181593103
1,simulation,0.0455633876337943,0.0034571057251129443
1,simulation,0.04717809987635755,0.0038098857282923364
1,simulation,0.0488500629770972,0.004250741577247163
1,simulation,0.050581251083062356,0.004519587308693144
1,simulation,0.05237381978807091,0.00498069457817492
1,simulation,0.05422988564255264,0.005417437635240188
1,simulation,0.05615175973221082,0.006072505560868664
1,simulation,0.05814171128299989,0.006745217551461988
1,simulation,0.06020221808878051,0.007322849441496626
1,simulation,0.06233571306414793,0.008060286740815265
1,simulation,0.06454481656282932,0.00879671946100016
1,simulation,0.06683224551651507,0.009424810441934108
1,simulation,0.06920070077495312,0.010396675528587185
1,simulation,0.07165313142697746,0.01138434737222791
1,simulation,0.07419243314578386,0.012467696876798825
1,simulation,0.0768217677501647,0.013829544420617639
1,simulation,0.0795442397901835,0.014877613637853457
1,simulation,0.08236323915968162,0.016160591821913456
1,simulation,0.08528209435274159,0.01756210183504366
1,simulation,0.08830443979024902,0.01928755508482464
1,simulation,0.09143384406431244,0.02117250721073338
1,simulation,0.09467420376160757,0.022901160534764584
1,simulation,0.09802934489153117,0.025150917262907628
1,simulation,0.10150344511765019,0.027365530001205594
1,simulation,0.10510060643522211,0.029670888611070773
1,simulation,0.10882530785994206,0.03253480109914503
1,simulation,0.11268194728092824,0.035400473287556404
1,simulation,0.11667532680377785,0.03846741010666683
1,simulation,0.12081016155551605,0.04178409017840982
1,simulation,0.12509160003745115,0.04552893688717085
1,simulation,0.12952469749819584,0.04937457741543282
1,simulation,0.13411497382172308,0.05376293935548374
1,simulation,0.13886784891260784,0.058552845230326764
1,simulation,0.1437892408268532,0.06340948425761457
1,simulation,0.14888496042913738,0.06873425446889804
1,simulation,0.15416135266928663,0.07445748080390946
1,simulation,0.1596246475736493,0.08079362871277893
1,simulation,0.16528164777948962,0.08752460778404998
1,simulation,0.17113903271068875,0.09464540483907626
1,simulation,0.1772040957068341,0.10242515477788619
1,simulation,0.18348399800623977,0.11040137115210079
1,simulation,0.18998655904720174,0.11930221648504175
1,simulation,0.19671945663773238,0.1288775725772802
1,simulation,0.2036910742645089,0.13880331427881326
1,simulation,0.21090964356754774,0.14926603394760202
1,simulation,0.21838415276904702,0.1608735996188077
1,simulation,0.2261234272912172,0.1719478720154909
1,simulation,0.23413697249360862,0.18456010362532357
1,simulation,0.2424346440733066,0.19774077585960817
1,simulation,0.2510263800756852,0.2122717417139625
1,simulation,0.2599224562931153,0.22727575105005718
1,simulation,0.2691337988663861,0.2430518810048403
1,simulation,0.278671736639331,0.2598290446194577
1,simulation,0.2885475313985897,0.27732496708138604
1,simulation,0.29877348001823123,0.29599825860957435
1,simulation,0.309361656644081,0.31510349702868723
1,simulation,0.32032524517452515,0.33504641542411884
1,simulation,0.331677190713398,0.3573059376067269
1,simulation,0.34343162816813083,0.3801025888193176
1,simulation,0.35560243642636524,0.4032154808472818
1,simulation,0.36820477000478774,0.4277611167459482
1,simulation,0.38125350893253046,0.45315244367488694
1,simulation,0.3947649008841623,0.4787638123356332
1,simulation,0.40875489924677627,0.5061889456257038
1,simulation,0.4232409237068169,0.5337180127689245
1,simulation,0.4382400784350816,0.5620561638572019
1,simulation,0.45377103967194754,0.5910886076578032
1,simulation,0.4698521453826982,0.6219508402961135
1,simulation,0.4865034190020688,0.6519558188403629
1,simulation,0.5037445212885212,0.6817790937204334
1,simulation,0.521596920049842,0.7108581875339229
1,simulation,0.5400816942562071,0.7394291103774129
1,simulation,0.5592218602770486,0.768838276090794
1,simulation,0.5790400175957245,0.7996744490177695
1,simulation,0.5995608428474605,0.8308781189062368
1,simulation,0.6208085657096933,0.8614591545411836
1,simulation,0.6428096428452703,0.8917419225030083
1,simulation,0.6655900517183396,0.9222307342129213
1,simulation,0.6891781574201151,0.9511844063841215
1,simulation,0.7136018112765302,0.9774112060543872
1,simulation,0.7388914244699863,1.004749868495374
1,simulation,0.7650768573575923,1.0312325302887144
1,simulation,0.7921907148059456,1.0569112387035469
1,simulation,0.8202650111230473,1.080454808864245
1,simulation,0.8493347030991922,1.1036960050511069
1,simulation,0.8794341143666485,1.1194433845677172
1,simulation,0.910600212954594,1.1381914543644474
1,simulation,0.9428713294170165,1.1547230723081816
1,simulation,0.9762855674233747,1.1693241329541897
1,simulation,1.0108845328076193,1.1822236726540074
1,simulation,1.0467090778142696,1.1928984185570917
1,simulation,1.0838038094779259,1.1992506537429743
1,simulation,1.1222125268842393,1.2037916507130555
1,simulation,1.161983054757459,1.2056669111005698
1,simulation,1.2031623515921903,1.2086313286139163
1,simulation,1.2458016919075758,1.2129693431092887
1,simulation,1.289951421508392,1.2172268924218084
1,simulation,1.3356665135566304,1.217240611267411
1,simulation,1.3830009455079117,1.2159852154775053
1,simulation,1.4320136559654608,1.212791635942113
1,simulation,1.4827625160017193,1.211248046865391
1,with_c_bpl,0.04249784270781225,0.0030682414775668482
1,with_c_bpl,0.04400391568584374,0.003356484814906756
1,with_c_bpl,0.0455633876337943,0.003671257492543089
1,with_c_bpl,0.04717809987635755,0.004014931226806784
1,with_c_bpl,0.0488500629770972,0.004390075944700786
1,with_c_bpl,0.050581251083062356,0.004799476779404527
1,with_c_bpl,0.05237381978807091,0.005246156570737718
1,with_c_bpl,0.05422988564255264,0.005733395708390526
1,with_c_bpl,0.05615175973221082,0.006264734049115481
1,with_c_bpl,0.05814171128299989,0.006844015218486365
1,with_c_bpl,0.06020221808878051,0.007475395596354843
1,with_c_bpl,0.06233571306414793,0.008163356170437838
1,with_c_bpl,0.06454481656282932,0.008912760041145884
1,with_c_bpl,0.06683224551651507,0.009728839789430377
1,with_c_bpl,0.06920070077495312,0.010617248805857448
1,with_c_bpl,0.07165313142697746,0.011584086194396935
1,with_c_bpl,0.07419243314578386,0.012635912251675385
1,with_c_bpl,0.0768217677501647,0.013779808895947076
1,with_c_bpl,0.0795442397901835,0.015023383487972324
1,with_c_bpl,0.08236323915968162,0.016374797057269536
1,with_c_bpl,0.08528209435274159,0.01784285928528314
1,with_c_bpl,0.08830443979024902,0.019436964047228514
1,with_c_bpl,0.09143384406431244,0.021167231605067685
1,with_c_bpl,0.09467420376160757,0.02304445528759885
1,with_c_bpl,0.09802934489153117,0.02508024530994674
1,with_c_bpl,0.10150344511765019,0.027286926577874012
1,with_c_bpl,0.10510060643522211,0.02967768898008285
1,with_c_bpl,0.10882530785994206,0.03226664415857389
1,with_c_bpl,0.11268194728092824,0.03506871086249758
1,with_c_bpl,0.11667532680377785,0.0380997955989357
1,with_c_bpl,0.12081016155551605,0.041376851247517776
1,with_c_bpl,0.12509160003745115,0.04491777091330105
1,with_c_bpl,0.12952469749819584,0.048741444171949526
1,with_c_bpl,0.13411497382172308,0.05286789838910926
1,with_c_bpl,0.13886784891260784,0.05731828330683873
1,with_c_bpl,0.1437892408268532,0.06211482283425051
1,with_c_bpl,0.14888496042913738,0.06728080899824503
1,with_c_bpl,0.15416135266928663,0.07284076704739938
1,with_c_bpl,0.1596246475736493,0.07882010513119905
1,with_c_bpl,0.16528164777948962,0.08524553342123449
1,with_c_bpl,0.17113903271068875,0.09214490126205319
1,with_c_bpl,0.1772040957068341,0.09954680759141958
1,with_c_bpl,0.18348399800623977,0.10748096545204411
1,with_c_bpl,0.18998655904720174,0.11597819902496628
1,with_c_bpl,0.19671945663773238,0.1250696551886806
1,with_c_bpl,0.2036910742645089,0.1347875046470175
1,with_c_bpl,0.21090964356754774,0.14516459299592022
1,with_c_bpl,0.21838415276904702,0.1562337373982656
1,with_c_bpl,0.2261234272912172,0.16802821252784567
1,with_c_bpl,0.23413697249360862,0.18058142158032353
1,with_c_bpl,0.2424346440733066,0.19392645973143763
1,with_c_bpl,0.2510263800756852,0.2080952884555449
1,with_c_bpl,0.2599224562931153,0.22312015997370038
1,with_c_bpl,0.2691337988663861,0.2390310153922177
1,with_c_bpl,0.278671736639331,0.2558569140390166
1,with_c_bpl,0.2885475313985897,0.2736248591645756
1,with_c_bpl,0.29877348001823123,0.29235894402311374
1,with_c_bpl,0.309361656644081,0.31208048012585704
1,with_c_bpl,0.32032524517452515,0.332807959899976
1,with_c_bpl,0.331677190713398,0.3545549416046584
1,with_c_bpl,0.34343162816813083,0.37733055859715514
1,with_c_bpl,0.35560243642636524,0.4011379810040747
1,with_c_bpl,0.36820477000478774,0.42597622803573154
1,with_c_bpl,0.38125350893253046,0.4518355530272858
1,with_c_bpl,0.3947649008841623,0.47870026469505433
1,with_c_bpl,0.40875489924677627,0.5065459513907552
1,with_c_bpl,0.4232409237068169,0.5353385769249146
1,with_c_bpl,0.4382400784350816,0.5650371079526533
1,with_c_bpl,0.45377103967194754,0.5955868554581191
1,with_c_bpl,0.4698521453826982,0.6269249277349062
1,with_c_bpl,0.4865034190020688,0.6589771044740935
1,with_c_bpl,0.5037445212885212,0.6916547169051712
1,with_c_bpl,0.521596920049842,0.7248590334078631
1,with_c_bpl,0.5400816942562071,0.7584786916054744
1,with_c_bpl,0.5592218602770486,0.7923875057957759
1,with_c_bpl,0.5790400175957245,0.8264470791069675
1,with_c_bpl,0.5995608428474605,0.8605081895496322
1,with_c_bpl,0.6208085657096933,0.8944070161075417
1,with_c_bpl,0.6428096428452703,0.9279675194005035
1,with_c_bpl,0.6655900517183396,0.9610021428961295
1,with_c_bpl,0.6891781574201151,0.9933152371615587
1,with_c_bpl,0.7136018112765302,1.024698220645033
1,with_c_bpl,0.7388914244699863,1.0549370281463617
1,with_c_bpl,0.7650768573575923,1.083811469443816
1,with_c_bpl,0.7921907148059456,1.1110971658378528
1,with_c_bpl,0.8202650111230473,1.1365663105323869
1,with_c_bpl,0.8493347030991922,1.1599928452058252
1,with_c_bpl,0.8794341143666485,1.1811522953828597
1,with_c_bpl,0.910600212954594,1.1998274822112276
1,with_c_bpl,0.9428713294170165,1.2158116340645193
1,with_c_bpl,0.9762855674233747,1.2289054059320113
1,with_c_bpl,1.0108845328076193,1.2389306703971885
1,with_c_bpl,1.0467090778142696,1.245721453128244
1,with_c_bpl,1.0838038094779259,1.2491378289832582
1,with_c_bpl,1.1222125268842393,1.2490643105046855
1,with_c_bpl,1.161983054757459,1.2454094940506257
1,with_c_bpl,1.2031623515921903,1.2381164075383182
1,with_c_bpl,1.2458016919075758,1.2271584217033502
1,with_c_bpl,1.289951421508392,1.2125410675173391
1,with_c_bpl,1.3356665135566304,1.1943079432309462
1,with_c_bpl,1.3830009455079117,1.1725368634507765
1,with_c_bpl,1.4320136559654608,1.1473459291888892
1,with_c_bpl,1.4827625160017193,1.1188841839948804
1,without_c_bpl,0.04249784270781225,0.0031166343715130712
1,without_c_bpl,0.04400391568584374,0.003408804909625589
1,without_c_bpl,0.0455633876337943,0.0037277862241808114
1,without_c_bpl,0.04717809987635755,0.0040759579397103085
1,without_c_bpl,0.0488500629770972,0.004455909148117321
1,without_c_bpl,0.050581251083062356,0.004870436759360061
1,without_c_bpl,0.05237381978807091,0.0053225774543987844
1,without_c_bpl,0.05422988564255264,0.005815621378648738
1,without_c_bpl,0.05615175973221082,0.006353119853084799
1,without_c_bpl,0.05814171128299989,0.006938926942337102
1,without_c_bpl,0.06020221808878051,0.007577203176180212
1,without_c_bpl,0.06233571306414793,0.008272435056990813
1,without_c_bpl,0.06454481656282932,0.009029483255669789
1,without_c_bpl,0.06683224551651507,0.00985357869227354
1,without_c_bpl,0.06920070077495312,0.010750369217083102
1,without_c_bpl,0.07165313142697746,0.011725936407627077
1,without_c_bpl,0.07419243314578386,0.012786814756251638
1,without_c_bpl,0.0768217677501647,0.013940077165935845
1,without_c_bpl,0.0795442397901835,0.015193243868353835
1,without_c_bpl,0.08236323915968162,0.016554483953186115
1,without_c_bpl,0.08528209435274159,0.01803251250992601
1,without_c_bpl,0.08830443979024902,0.019636649978898087
1,without_c_bpl,0.09143384406431244,0.02137692879125912
1,without_c_bpl,0.09467420376160757,0.02326403712852099
1,without_c_bpl,0.09802934489153117,0.025309398239468376
1,without_c_bpl,0.10150344511765019,0.02752524359260686
1,without_c_bpl,0.10510060643522211,0.029924517376545955
1,without_c_bpl,0.10882530785994206,0.03252111444977812
1,without_c_bpl,0.11268194728092824,0.035329747000514077
1,without_c_bpl,0.11667532680377785,0.038365997597807656
1,without_c_bpl,0.12081016155551605,0.041646387996592184
1,without_c_bpl,0.12509160003745115,0.045188468809503536
1,without_c_bpl,0.12952469749819584,0.049010752124924686
1,without_c_bpl,0.13411497382172308,0.053132718805028054
1,without_c_bpl,0.13886784891260784,0.05757481772791945
1,without_c_bpl,0.1437892408268532,0.0623586898311982
1,without_c_bpl,0.14888496042913738,0.06750682088434619
1,without_c_bpl,0.15416135266928663,0.07304281867424746
1,without_c_bpl,0.1596246475736493,0.07899144514039155
1,without_c_bpl,0.16528164777948962,0.08537811463619943
1,without_c_bpl,0.17113903271068875,0.09222940628618384
1,without_c_bpl,0.1772040957068341,0.09957274032553368
1,without_c_bpl,0.18348399800623977,0.10743642335906743
1,without_c_bpl,0.18998655904720174,0.11584944527861607
1,without_c_bpl,0.19671945663773238,0.12484135218076724
1,without_c_bpl,0.2036910742645089,0.1344422624537345
1,without_c_bpl,0.21090964356754774,0.14468293231784649
1,without_c_bpl,0.21838415276904702,0.15559371707319408
1,without_c_bpl,0.2261234272912172,0.16720560384329464
1,without_c_bpl,0.23413697249360862,0.17954889743464522
1,without_c_bpl,0.2424346440733066,0.19265374899988322
1,without_c_bpl,0.2510263800756852,0.20654948564798756
1,without_c_bpl,0.2599224562931153,0.22126398868274896
1,without_c_bpl,0.2691337988663861,0.2368241032034083
1,without_c_bpl,0.278671736639331,0.2532547770151181
1,without_c_bpl,0.2885475313985897,0.27057894923879877
1,without_c_bpl,0.29877348001823123,0.28881645205156603
1,without_c_bpl,0.309361656644081,0.3079837606488585
1,without_c_bpl,0.32032524517452515,0.3280946617483767
1,without_c_bpl,0.331677190713398,0.3491578641511877
1,without_c_bpl,0.34343162816813083,0.3711770580574311
1,without_c_bpl,0.35560243642636524,0.3941517498452662
1,without_c_bpl,0.36820477000478774,0.4180733781314055
1,without_c_bpl,0.38125350893253046,0.4429284790706947
1,without_c_bpl,0.3947649008841623,0.4686962786733932
1,without_c_bpl,0.40875489924677627,0.49534617172632306
1,without_c_bpl,0.4232409237068169,0.5228404816273818
1,without_c_bpl,0.4382400784350816,0.5511329481334426
1,without_c_bpl,0.45377103967194754,0.5801654026614445
1,without_c_bpl,0.4698521453826982,0.6098712456289201
1,without_c_bpl,0.4865034190020688,0.6401722972191534
1,without_c_bpl,0.5037445212885212,0.6709798720241128
1,without_c_bpl,0.521596920049842,0.7021920083974018
1,without_c_bpl,0.5400816942562071,0.7336965345513329
1,without_c_bpl,0.5592218602770486,0.7653694542717523
1,without_c_bpl,0.5790400175957245,0.7970760010751207
1,without_c_bpl,0.5995608428474605,0.8286679390297849
1,without_c_bpl,0.6208085657096933,0.8599878679239472
1,without_c_bpl,0.6428096428452703,0.8908668517984422
1,without_c_bpl,0.6655900517183396,0.9211261663788401
1,without_c_bpl,0.6891781574201151,0.9505806859253099
1,without_c_bpl,0.7136018112765302,0.979035566997228
1,without_c_bpl,0.7388914244699863,1.0062911193563262
1,without_c_bpl,0.7650768573575923,1.0321446553202611
1,without_c_bpl,0.7921907148059456,1.056388566653207
1,without_c_bpl,0.8202650111230473,1.078818881347086
1,without_c_bpl,0.8493347030991922,1.099231088912053
1,without_c_bpl,0.8794341143666485,1.1174279312005977
1,without_c_bpl,0.910600212954594,1.1332165431039953
1,without_c_bpl,0.9428713294170165,1.1464166979392645
1,without_c_bpl,0.9762855674233747,1.1568608429695713
1,without_c_bpl,1.0108845328076193,1.164395398348792
1,without_c_bpl,1.0467090778142696,1.1688893107885618
1,without_c_bpl,1.0838038094779259,1.1702294329612757
1,without_c_bpl,1.1222125268842393,1.1683288192129797
1,without_c_bpl,1.161983054757459,1.1631231308739376
1,without_c_bpl,1.2031623515921903,1.1545799236800722
1,without_c_bpl,1.2458016919075758,1.142694413836037
1,without_c_bpl,1.289951421508392,1.1274950205416578
1,without_c_bpl,1.3356665135566304,1.109041184511216
1,without_c_bpl,1.3830009455079117,1.0874222852057027
1,without_c_bpl,1.4320136559654608,1.0627628999111605
1,without_c_bpl,1.4827625160017193,1.0352176943397924
1,without_c_no_bpl,0.04249784270781225,0.003425262216138128
1,without_c_no_bpl,0.04400391568584374,0.00374516909479557
1,without_c_no_bpl,0.0455633876337943,0.004094274691065406
1,without_c_no_bpl,0.04717809987635755,0.004475148696336782
1,without_c_no_bpl,0.0488500629770972,0.004890584148908386
1,without_c_no_bpl,0.050581251083062356,0.00534360139399074
1,without_c_no_bpl,0.05237381978807091,0.0058374706048192025
1,without_c_no_bpl,0.05422988564255264,0.006375722836506445
1,without_c_no_bpl,0.05615175973221082,0.006962188459368578
1,without_c_no_bpl,0.05814171128299989,0.007600990833360716
1,without_c_no_bpl,0.06020221808878051,0.008296597308695183
1,without_c_no_bpl,0.06233571306414793,0.009053815652555402
1,without_c_no_bpl,0.06454481656282932,0.009877836972553655
1,without_c_no_bpl,0.06683224551651507,0.01077424443921197
1,without_c_no_bpl,0.06920070077495312,0.011749072042513853
1,without_c_no_bpl,0.07165313142697746,0.012808770927501472
1,without_c_no_bpl,0.07419243314578386,0.01396032436209346
1,without_c_no_bpl,0.0768217677501647,0.015211196153121076
1,without_c_no_bpl,0.0795442397901835,0.016569396133348836
1,without_c_no_bpl,0.08236323915968162,0.018043535764699126
1,without_c_no_bpl,0.08528209435274159,0.019642823180343945
1,without_c_no_bpl,0.08830443979024902,0.021377089411127384
1,without_c_no_bpl,0.09143384406431244,0.02325684237461376
1,without_c_no_bpl,0.09467420376160757,0.025293334265527236
1,without_c_no_bpl,0.09802934489153117,0.0274985428574786
1,without_c_no_bpl,0.10150344511765019,0.029885195699433962
1,without_c_no_bpl,0.10510060643522211,0.032466831977459004
1,without_c_no_bpl,0.10882530785994206,0.03525788156527193
1,without_c_no_bpl,0.11268194728092824,0.03827352663465516
1,without_c_no_bpl,0.11667532680377785,0.041529937238052816
1,without_c_no_bpl,0.12081016155551605,0.04504417248459507
1,without_c_no_bpl,0.12509160003745115,0.048834248956122706
1,without_c_no_bpl,0.12952469749819584,0.05291903363702587
1,without_c_no_bpl,0.13411497382172308,0.05731842686397528
1,without_c_no_bpl,0.13886784891260784,0.062053403004416835
1,without_c_no_bpl,0.1437892408268532,0.0671457165906529
1,without_c_no_bpl,0.14888496042913738,0.07261808266978582
1,without_c_no_bpl,0.15416135266928663,0.07849426516409887
1,without_c_no_bpl,0.1596246475736493,0.08479878022222787
1,without_c_no_bpl,0.16528164777948962,0.0915572499090022
1,without_c_no_bpl,0.17113903271068875,0.09879583331344952
1,without_c_no_bpl,0.1772040957068341,0.10654130885131413
1,without_c_no_bpl,0.18348399800623977,0.11482167190640756
1,without_c_no_bpl,0.18998655904720174,0.12366471787589776
1,without_c_no_bpl,0.19671945663773238,0.13309911270414404
1,without_c_no_bpl,0.2036910742645089,0.1431537299992076
1,without_c_no_bpl,0.21090964356754774,0.1538572629221724
1,without_c_no_bpl,0.21838415276904702,0.1652387557106697
1,without_c_no_bpl,0.2261234272912172,0.17732623318468765
1,without_c_no_bpl,0.23413697249360862,0.19014785521036756
1,without_c_no_bpl,0.2424346440733066,0.20373039256408798
1,without_c_no_bpl,0.2510263800756852,0.21809980853764296
1,without_c_no_bpl,0.2599224562931153,0.23328018613205495
1,without_c_no_bpl,0.2691337988663861,0.24929416156106163
1,without_c_no_bpl,0.278671736639331,0.2661616858253433
1,without_c_no_bpl,0.2885475313985897,0.2839001603324001
1,without_c_no_bpl,0.29877348001823123,0.3025236645133758
1,without_c_no_bpl,0.309361656644081,0.32204282668008677
1,without_c_no_bpl,0.32032524517452515,0.3424643885805907
1,without_c_no_bpl,0.331677190713398,0.36378939254804227
1,without_c_no_bpl,0.34343162816813083,0.3860147281831857
1,without_c_no_bpl,0.35560243642636524,0.4091303717700442
1,without_c_no_bpl,0.36820477000478774,0.43312064311325627
1,without_c_no_bpl,0.38125350893253046,0.4579627299045861
1,without_c_no_bpl,0.3947649008841623,0.48362546635118775
1,without_c_no_bpl,0.40875489924677627,0.5100711183061067
1,without_c_no_bpl,0.4232409237068169,0.5372519383678352
1,without_c_no_bpl,0.4382400784350816,0.5651114091641655
1,without_c_no_bpl,0.45377103967194754,0.5935839189908411
1,without_c_no_bpl,0.4698521453826982,0.6225929488156069
1,without_c_no_bpl,0.4865034190020688,0.6520513482109954
1,without_c_no_bpl,0.5037445212885212,0.6818636229417875
1,without_c_no_bpl,0.521596920049842,0.711921872676586
1,without_c_no_bpl,0.5400816942562071,0.7421081576278676
1,without_c_no_bpl,0.5592218602770486,0.7722938050064911
1,without_c_no_bpl,0.5790400175957245,0.80233964139532
1,without_c_no_bpl,0.5995608428474605,0.8320984698637193
1,without_c_no_bpl,0.6208085657096933,0.8614116892144161
1,without_c_no_bpl,0.6428096428452703,0.8901141306706668
1,without_c_no_bpl,0.6655900517183396,0.9180342014600158
1,without_c_no_bpl,0.6891781574201151,0.9449916247235267
1,without_c_no_bpl,0.7136018112765302,0.9708032824076194
1,without_c_no_bpl,0.7388914244699863,0.9952825570200236
1,without_c_no_bpl,0.7650768573575923,1.0182422929568469
1,without_c_no_bpl,0.7921907148059456,1.0394941904706938
1,without_c_no_bpl,0.8202650111230473,1.0588559937058595
1,without_c_no_bpl,0.8493347030991922,1.0761472502251133
1,without_c_no_bpl,0.8794341143666485,1.0911954332891631
1,without_c_no_bpl,0.910600212954594,1.1038397564778066
1,without_c_no_bpl,0.9428713294170165,1.1139294931487196
1,without_c_no_bpl,0.9762855674233747,1.1213304688054855
1,without_c_no_bpl,1.0108845328076193,1.125923217942298
1,without_c_no_bpl,1.0467090778142696,1.1276108054233298
1,without_c_no_bpl,1.0838038094779259,1.1263138473573935
1,without_c_no_bpl,1.1222125268842393,1.1219808104966493
1,without_c_no_bpl,1.161983054757459,1.1145797297581432
1,without_c_no_bpl,1.2031623515921903,1.1041093408690543
1,without_c_no_bpl,1.2458016919075758,1.0905957129726127
1,without_c_no_bpl,1.289951421508392,1.074088685409717
1,without_c_no_bpl,1.3356665135566304,1.0546702046626617
1,without_c_no_bpl,1.3830009455079117,1.0324484452741978
1,without_c_no_bpl,1.4320136559654608,1.007559636330077
1,without_c_no_bpl,1.4827625160017193,0.980164160558454
1,battaglia16,0.04249784270781225,0.00920030602367642
1,battaglia16,0.04400391568584374,0.009999169356144677
1,battaglia16,0.0455633876337943,0.010863064451259287
1,battaglia16,0.04717809987635755,0.0117967655114648
1,battaglia16,0.0488500629770972,0.012805338794466038
1,battaglia16,0.050581251083062356,0.01389417153535474
1,battaglia16,0.05237381978807091,0.015068962263799057
1,battaglia16,0.05422988564255264,0.016335718670006317
1,battaglia16,0.05615175973221082,0.017700782355357762
1,battaglia16,0.05814171128299989,0.019170886157686782
1,battaglia16,0.06020221808878051,0.02075302653423065
1,battaglia16,0.06233571306414793,0.022454656430408698
1,battaglia16,0.06454481656282932,0.024283552045353544
1,battaglia16,0.06683224551651507,0.026247796736586226
1,battaglia16,0.06920070077495312,0.028355971511170943
1,battaglia16,0.07165313142697746,0.030616903256500943
1,battaglia16,0.07419243314578386,0.03303989778124904
1,battaglia16,0.0768217677501647,0.035634514673191696
1,battaglia16,0.0795442397901835,0.03841075351272117
1,battaglia16,0.08236323915968162,0.04137897573177269
1,battaglia16,0.08528209435274159,0.04454978308494885
1,battaglia16,0.08830443979024902,0.047934202347188086
1,battaglia16,0.09143384406431244,0.05154345033766469
1,battaglia16,0.09467420376160757,0.055389212350957645
1,battaglia16,0.09802934489153117,0.059483167352738266
1,battaglia16,0.10150344511765019,0.06383741333256401
1,battaglia16,0.10510060643522211,0.06846408267072142
1,battaglia16,0.10882530785994206,0.0733756105363585
1,battaglia16,0.11268194728092824,0.07858435661586043
1,battaglia16,0.11667532680377785,0.0841028042701981
1,battaglia16,0.12081016155551605,0.08994342356722142
1,battaglia16,0.12509160003745115,0.09611848829901687
1,battaglia16,0.12952469749819584,0.10264035243987445
1,battaglia16,0.13411497382172308,0.10952104629925884
1,battaglia16,0.13886784891260784,0.11677215577120319
1,battaglia16,0.1437892408268532,0.12440500054085502
1,battaglia16,0.14888496042913738,0.13243042234718955
1,battaglia16,0.15416135266928663,0.1408588645177065
1,battaglia16,0.1596246475736493,0.14969995026474806
1,battaglia16,0.16528164777948962,0.15896232286227058
1,battaglia16,0.17113903271068875,0.1686543181575202
1,battaglia16,0.1772040957068341,0.1787826902550065
1,battaglia16,0.18348399800623977,0.189353727263287
1,battaglia16,0.18998655904720174,0.20037207565492576
1,battaglia16,0.19671945663773238,0.2118415442752292
1,battaglia16,0.2036910742645089,0.2237640065088012
1,battaglia16,0.21090964356754774,0.23614001681396762
1,battaglia16,0.21838415276904702,0.24896907607498253
1,battaglia16,0.2261234272912172,0.26224836438611415
1,battaglia16,0.23413697249360862,0.2759731539106146
1,battaglia16,0.2424346440733066,0.29013778447508554
1,battaglia16,0.2510263800756852,0.30473353814724624
1,battaglia16,0.2599224562931153,0.3197506712669693
1,battaglia16,0.2691337988663861,0.33517650785930675
1,battaglia16,0.278671736639331,0.35099692503586866
1,battaglia16,0.2885475313985897,0.36719464066925694
1,battaglia16,0.29877348001823123,0.3837518328644843
1,battaglia16,0.309361656644081,0.40064699649207614
1,battaglia16,0.32032524517452515,0.41785668689184585
1,battaglia16,0.331677190713398,0.4353566941591308
1,battaglia16,0.34343162816813083,0.45311839655860947
1,battaglia16,0.35560243642636524,0.4711124545379325
1,battaglia16,0.36820477000478774,0.4893079447551194
1,battaglia16,0.38125350893253046,0.5076706085643717
1,battaglia16,0.3947649008841623,0.5261659721144093
1,battaglia16,0.40875489924677627,0.5447563536320843
1,battaglia16,0.4232409237068169,0.5634035395478609
1,battaglia16,0.4382400784350816,0.5820676610104822
1,battaglia16,0.45377103967194754,0.6007073093927575
1,battaglia16,0.4698521453826982,0.619279665062154
1,battaglia16,0.4865034190020688,0.6377430349656135
1,battaglia16,0.5037445212885212,0.6560515997693736
1,battaglia16,0.521596920049842,0.6741618727279957
1,battaglia16,0.5400816942562071,0.6920298592276933
1,battaglia16,0.5592218602770486,0.7096103436538777
1,battaglia16,0.5790400175957245,0.7268587833377359
1,battaglia16,0.5995608428474605,0.7437316053648937
1,battaglia16,0.6208085657096933,0.760184596549153
1,battaglia16,0.6428096428452703,0.7761768790771075
1,battaglia16,0.6655900517183396,0.7916654477327095
1,battaglia16,0.6891781574201151,0.8066101141559702
1,battaglia16,0.7136018112765302,0.8209738791898066
1,battaglia16,0.7388914244699863,0.8347190986148926
1,battaglia16,0.7650768573575923,0.8478106575320676
1,battaglia16,0.7921907148059456,0.8602162105064823
1,battaglia16,0.8202650111230473,0.8719053090761203
1,battaglia16,0.8493347030991922,0.8828495295808833
1,battaglia16,0.8794341143666485,0.8930225904572485
1,battaglia16,0.910600212954594,0.9024027184426051
1,battaglia16,0.9428713294170165,0.9109694277638377
1,battaglia16,0.9762855674233747,0.9187046833209115
1,battaglia16,1.0108845328076193,0.9255952771556244
1,battaglia16,1.0467090778142696,0.9316282823777804
1,battaglia16,1.0838038094779259,0.9367945178073448
1,battaglia16,1.1222125268842393,0.9410909500151444
1,battaglia16,1.161983054757459,0.9445112892430432
1,battaglia16,1.2031623515921903,0.9470577176139064
1,battaglia16,1.2458016919075758,0.9487326152990122
1,battaglia16,1.289951421508392,0.9495408523237372
1,battaglia16,1.3356665135566304,0.9494909118570418
1,battaglia16,1.3830009455079117,0.9485948082764153
1,battaglia16,1.4320136559654608,0.9468632367957567
1,battaglia16,1.4827625160017193,0.9443149662462945
